Species,Equilibrium,Periodic,Opportunist,GameFish,HUC01,HUC02,HUC03,HUC04,HUC05,HUC06,HUC07,HUC08,HUC09,HUC10,HUC11,HUC12,HUC13,HUC14,HUC15,HUC16,HUC17,HUC18
Acantharchus pomotis,0.158914506,0.452422026,0.387333049,Non-game,,Native,Native,,,,,,,,,,,,,,,
Acrocheilus alutaceus,0.030922992,0.474857706,0.492853286,Non-game,,,,,,,,,,,,,,,,,Native,
Agosia chrysogaster,0.067214043,0.431084788,0.500358141,Non-game,,,,,,,,,,,,,,,Non-native,,,
Alosa chrysochloris,0,0.71619357,0.282384498,Non-game,,,,,Non-native,,Native,Native,,,,,,,,,,
Alosa pseudoharengus,0,0.584227494,0.414415004,Non-game,Non-native,,,,,,,,,,,,,,,,,
Ambloplites ariommus,0.172046662,0.474238535,0.35238083,Non-game,,,Native,,,,,Native,,Non-native,Non-native,,,,,,,
Ambloplites constellatus,0.143061622,0.472654831,0.382947307,Non-game,,,,,,,,,,Non-native,Non-native,,,,,,,
Ambloplites rupestris,0.230866927,0.442651141,0.325162103,Game,Non-native,Non-native,Non-native,Non-native,Non-native,Native,Native,Non-native,Native,Non-native,Non-native,,,,,,Non-native,
Ameiurus brunneus,0.519591797,0.207011734,0.272200092,Non-game,,,Non-native,,,,,,,,,,,,,,,
Ameiurus catus,0.402167075,0.350092546,0.246479655,Game,,,Native,,,,,,,,,,,,,,,Non-native
Ameiurus melas,0.382795226,0.372764675,0.243167736,Game,,Non-native,Non-native,Native,Native,Native,Native,Native,Native,Non-native,Non-native,Native,,Non-native,Non-native,Non-native,Non-native,Non-native
Ameiurus natalis,0.484459528,0.233216896,0.281113114,Game,Non-native,Non-native,Non-native,Native,Non-native,Native,Native,Native,,Non-native,Native,Native,Non-native,Non-native,Non-native,,Non-native,Non-native
Ameiurus nebulosus,0.409381684,0.342257737,0.247102857,Game,Non-native,Native,Native,Non-native,Non-native,Non-native,Native,Native,Native,Non-native,Non-native,,,,,,Non-native,Non-native
Ameiurus platycephalus,0.461415614,0.250012338,0.287353561,Non-game,,,Non-native,,,,,,,,,,,,,,,
Amia calva,0.526325111,0.375946325,0.096472252,Game,,,Native,Native,,Native,Native,Native,,,Native,Native,,,,,,
Ammocrypta pellucida,0.427642901,0.096394079,0.474791689,Non-game,,,,Non-native,Non-native,,,,,,,,,,,,,
Anguilla rostrata,0.574450617,0.424410127,0,Non-game,Native,Native,Native,,,,,,,,,Native,,,,,,
Aphredoderus sayanus,0.351016942,0.105661481,0.542150451,Non-game,,Native,Native,Native,Native,Native,Native,Native,,,Native,Native,,,,,,
Aplodinotus grunniens,0,0.737451077,0.261084018,Game,,,Native,Non-native,Native,Native,Native,Native,Native,Non-native,Native,Native,,,,,,
Astyanax mexicanus,0,0.362338994,0.636380532,Non-game,,,,,,,,,,,,Non-native,Native,,,,,
Campostoma anomalum,0,0.317061345,0.681634228,Non-game,,Non-native,Non-native,Non-native,Non-native,Native,Non-native,Native,Non-native,Non-native,Native,Native,,,,,,
Campostoma oligolepis,0.01067562,0.29117341,0.696847033,Non-game,,,Non-native,Native,Non-native,Non-native,Non-native,,Non-native,Non-native,Non-native,,,,,,,
Campostoma pauciradii,0,0.360029806,0.638645576,Non-game,,,Native,,,,,,,,,,,,,,,
Carassius auratus,0,0.586763097,0.4118551,Non-game,Non-native,Non-native,Non-native,Non-native,Non-native,,Non-native,,Non-native,Non-native,Non-native,Non-native,,,Non-native,Non-native,,Non-native
Carpiodes carpio,0.052879882,0.715274149,0.230386049,Non-game,,,,,Non-native,,Non-native,Native,Non-native,Non-native,Native,Native,Native,,,,,
Carpiodes cyprinus,0.020805471,0.696474672,0.281265743,Non-game,,,,Native,Native,Native,Native,,Native,Non-native,Native,,,,,,,
Carpiodes velifer,0.019087106,0.713385469,0.266066043,Non-game,,,,Non-native,Native,,Native,,,,Native,,,,,,,
Catostomus ardens,0.244128452,0.493244879,0.261272921,Non-game,,,,,,,,,,,,,,,,Native,Native,
Catostomus catostomus,0.253954623,0.480115591,0.264580281,Non-game,Native,Native,,Native,,,,,,Non-native,Non-native,,Non-native,Non-native,,,Native,
Catostomus clarkii,0.292342329,0.441612793,0.264716251,Non-game,,,,,,,,,,,,,,,Native,Non-native,,
Catostomus columbianus,0.262137377,0.475553905,0.260963491,Non-game,,,,,,,,,,,,,,,,,Non-native,
Catostomus commersonii,0.256626324,0.544781837,0.197217659,Non-game,Non-native,Native,Non-native,Non-native,Native,Native,Native,,Non-native,Native,Non-native,,Non-native,Non-native,,Non-native,,
Catostomus discobolus,0.342970459,0.41062075,0.245096044,Non-game,,,,,,,,,,,,,,Native,Native,Native,Native,
Catostomus insignis,0.183490952,0.555413659,0.2597093,Non-game,,,,,,,,,,,,,,,Native,,,
Catostomus latipinnis,0.133790007,0.56675017,0.29806542,Non-game,,,,,,,,,,,,,,Native,Native,,,
Catostomus macrocheilus,0.29603395,0.456362517,0.246269568,Non-game,,,,,,,,,,,,,,,,,Non-native,
Catostomus occidentalis,0.2770085,0.461769077,0.259884148,Non-game,,,,,,,,,,,,,,,,,,Native
Catostomus platyrhynchus,0.320782303,0.302911996,0.375035273,Non-game,,,,,,,,,,Native,,,Native,Native,,Native,Native,
Catostomus plebeius,0.264298973,0.47581307,0.258543511,Non-game,,,,,,,,,,,,,Native,,,,,
Catostomus tahoensis,0.299956153,0.491113221,0.207583773,Non-game,,,,,,,,,,,,,,,,Native,,
Centrarchus macropterus,0.129730145,0.489683852,0.379239574,Non-game,,Native,Native,,Native,Native,Native,Native,,,Native,Native,,,,,,
Chrosomus eos,0.064113826,0.193874152,0.740764569,Non-game,Non-native,,,Non-native,,,Non-native,,Non-native,Non-native,,,,,,,,
Chrosomus erythrogaster,0.039422967,0.292620945,0.666663361,Non-game,,,,Non-native,Non-native,Non-native,Non-native,,,Non-native,Non-native,,,,,,,
Chrosomus oreas,0.031542873,0.328569601,0.638580513,Non-game,,Native,Non-native,,Non-native,,,,,,,,,,,,,
Clarias batrachus,0.547074,0.179943289,0.271798945,Non-game,,,Non-native,,,,,,,,,,,,,,,
Clinostomus elongatus,0.196864786,0.271859989,0.530004601,Non-game,,Native,,Native,Native,,Native,,,,,,,,,,,
Clinostomus funduloides,0.15412904,0.337113406,0.507456745,Non-game,,Non-native,Non-native,,Non-native,Native,,,,,,,,,,,,
Cottus aleuticus,0.550801146,0.049920049,0.398149076,Non-game,,,,,,,,,,,,,,,,,Native,Native
Cottus asper,0.578118515,0.069385732,0.351359476,Non-game,,,,,,,,,,,,,,,,,Non-native,Non-native
Cottus bairdii,0.538087778,0.048941865,0.411839887,Non-game,,Native,Non-native,Non-native,Non-native,Non-native,Non-native,,Non-native,Non-native,Native,,,Non-native,,Non-native,Non-native,
Cottus beldingii,0.533953056,0,0.464957209,Non-game,,,,,,,,,,,,,,Native,,Native,Non-native,
Cottus caeruleomentum,0.461220319,0.099008999,0.438613158,Non-game,,Non-native,Non-native,,,,,,,,,,,,,,,
Cottus carolinae,0.523775999,0.064618207,0.410466802,Non-game,,Non-native,Non-native,,Non-native,Non-native,Non-native,,,Non-native,Non-native,,,,,,,
Cottus chattahoochee,0.538765712,0.041527581,0.418580732,Non-game,,,Native,,,,,,,,,,,,,,,
Cottus cognatus,0.588993303,0.049922012,0.359957522,Non-game,Native,Native,,Native,,,Native,,,,,,,,,,Non-native,
Cottus confusus,0.549354888,0.016958801,0.432568253,Non-game,,,,,,,,,,,,,,,,,Non-native,
Cottus girardi,0.513853433,0.047371731,0.437643451,Non-game,,Non-native,,,,,,,,,,,,,,,,
Cottus gulosus,0.552918341,0.01919595,0.426768004,Non-game,,,,,,,,,,,,,,,,,Native,Native
Cottus hypselurus,0.554142468,0.017835755,0.42690407,Non-game,,,,,,,Native,,,Native,Non-native,,,,,,,
Cottus leiopomus,0.524911439,0.037413663,0.436547069,Non-game,,,,,,,,,,,,,,,,,Native,
Cottus perplexus,0.497722687,0.060813373,0.440324757,Non-game,,,,,,,,,,,,,,,,,Non-native,
Cottus rhotheus,0.574866598,0,0.424031516,Non-game,,,,,,,,,,,,,,,,,Native,
Couesius plumbeus,0.04210271,0.400574997,0.555987588,Non-game,Native,,,,,,,,Non-native,Native,,,,,,,,
Culaea inconstans,0.280352641,0.119965165,0.598507791,Non-game,,Native,,Non-native,Native,,Native,,Non-native,Non-native,Non-native,,Non-native,Non-native,,,Non-native,
Cycleptus elongatus,0.243797866,0.527882671,0.226951698,Non-game,,,,,,,,Native,,Non-native,,,,Non-native,,,,
Cyprinella analostana,0,0.455941631,0.542722982,Non-game,,Non-native,Non-native,,,,,,,,,,,,,,,
Cyprinella callistia,0,0.439687694,0.558974096,Non-game,,,Non-native,,,,,,,,,,,,,,,
Cyprinella camura,0,0.421594816,0.577081828,Non-game,,,,,,Non-native,,Non-native,,Non-native,Non-native,,,,,,,
Cyprinella chloristia,0,0.416635367,0.582039061,Non-game,,,Non-native,,,,,,,,,,,,,,,
Cyprinella galactura,0,0.407406499,0.591264548,Non-game,,,Non-native,,Non-native,Non-native,,,,,Non-native,,,,,,,
Cyprinella gibbsi,0,0.415019077,0.58365733,Non-game,,,Native,,,,,,,,,,,,,,,
Cyprinella leedsi,0,0.420111272,0.578562284,Non-game,,,Non-native,,,,,,,,,,,,,,,
Cyprinella lepida,0,0.41430273,0.584373443,Non-game,,,,,,,,,,,,Native,,,,,,
Cyprinella lutrensis,0,0.381403127,0.617298353,Non-game,,,Non-native,,Non-native,Native,Non-native,Non-native,,Non-native,Non-native,Native,Native,Non-native,Non-native,Non-native,Non-native,Non-native
Cyprinella nivea,0,0.418966911,0.579707645,Non-game,,,Non-native,,,,,,,,,,,,,,,
Cyprinella proserpina,0,0.420418131,0.57825593,Non-game,,,,,,,,,,,,Native,,,,,,
Cyprinella spiloptera,0,0.435829749,0.562844856,Non-game,,Non-native,,Non-native,Non-native,Non-native,Non-native,,Non-native,Non-native,,,,,,,,
Cyprinella trichroistia,0,0.406478256,0.592186052,Non-game,,,Non-native,,,,,,,,,,,,,,,
Cyprinella venusta,0,0.369245929,0.629445434,Non-game,,,Native,,,,,Native,,Non-native,Native,Non-native,,,,,,
Cyprinella whipplei,0,0.429589378,0.569091351,Non-game,,,,,Native,Native,Non-native,Non-native,,,Native,,,,,,,
Cyprinella zanema,0,0.424309218,0.574363079,Non-game,,,Non-native,,,,,,,,,,,,,,,
Cyprinodon rubrofluviatilis,0,0.24438307,0.754339588,Non-game,,,,,,,,,,,Non-native,Native,,,,,,
Cyprinus carpio,0,0.713681056,0.28487911,Game,Non-native,Non-native,Non-native,Non-native,Non-native,Non-native,Non-native,Non-native,Non-native,Non-native,Non-native,Non-native,Non-native,Non-native,Non-native,Non-native,Non-native,Non-native
Dionda serena,0,0.480381849,0.518247431,Non-game,,,,,,,,,,,,Non-native,,,,,,
Dorosoma cepedianum,0,0.632552992,0.366101301,Non-game,,Native,Native,Non-native,Native,Non-native,Native,Native,,Non-native,Non-native,Native,Native,,,,,
Dorosoma petenense,0,0.439917221,0.558799926,Non-game,,,Non-native,,,,Non-native,Native,,,Non-native,Non-native,Native,,,,,Non-native
Elassoma evergladei,0.217419032,0.007854269,0.773583204,Non-game,,,Non-native,,,,,,,,,,,,,,,
Elassoma zonatum,0.104707071,0.162026314,0.732050981,Non-game,,,Non-native,,,,,Native,,,,Non-native,,,,,,
Enneacanthus chaetodon,0.074199193,0.5404268,0.384004303,Non-game,,Native,Non-native,,,,,,,,,,,,,,,
Enneacanthus gloriosus,0.141023357,0.479703713,0.377933625,Non-game,,Native,Native,,,,,,,,,,,,,,,
Enneacanthus obesus,0.125335623,0.492105786,0.38121118,Non-game,Native,Native,Native,,,,,,,,,,,,,,,
Erimystax dissimilis,0.118592462,0.285157194,0.594970709,Non-game,,,,,Native,Native,,,,,Non-native,,,,,,,
Erimystax harryi,0.032319702,0.387452979,0.578895721,Non-game,,,,,,,,,,,Native,,,,,,,
Erimyzon oblongus,0.133906694,0.551223701,0.31348623,Non-game,Non-native,Non-native,Non-native,,Non-native,Non-native,Non-native,Non-native,,,Non-native,Non-native,,,,,,
Erimyzon sucetta,0.13307991,0.538920222,0.326621818,Non-game,,Non-native,Native,,,,Native,,,,,Native,,,,,,
Esox americanus,0.473421453,0.266069825,0.259278813,Non-game,Non-native,Native,Native,Native,Non-native,Native,Non-native,Native,,Non-native,Native,Native,,,,,,
Esox lucius,0.462371181,0.48352632,0.05278339,Game,Non-native,,,Non-native,,,Native,,Native,Non-native,,,Non-native,,,,,
Esox masquinongy,0.424386534,0.574284184,0,Game,,Non-native,,,Native,,Non-native,,,,,,,,,,,
Esox niger,0.475069333,0.404875158,0.118768974,Game,Non-native,Native,Native,Native,Non-native,,,Native,,,Native,Non-native,,,,,,
Etheostoma asprigene,0.321757164,0.102870159,0.574188907,Non-game,,,Non-native,,Non-native,,Non-native,Non-native,,,,Non-native,,,,,,
Etheostoma blennioides,0.363434973,0.159569955,0.475783122,Non-game,,Non-native,Non-native,Non-native,Native,Native,Non-native,Native,,Native,Non-native,,,,,,,
Etheostoma caeruleum,0.262594272,0.153034034,0.583155004,Non-game,,Non-native,,Native,Non-native,Native,Non-native,Native,,Native,Native,,,,,,,
Etheostoma camurum,0.28178443,0.155852059,0.561147985,Non-game,,,,,Native,Native,,,,,,,,,,,,
Etheostoma chlorosoma,0.341676055,0.116148442,0.540982934,Non-game,,,Non-native,,Non-native,,,Non-native,,,Non-native,Non-native,,,,,,
Etheostoma collis,0.340784126,0.085144613,0.572895882,Non-game,,,Non-native,,,,,,,,,,,,,,,
Etheostoma coosae,0.320465873,0.12904649,0.549292372,Non-game,,,Non-native,,,,,,,,,,,,,,,
Etheostoma cragini,0.326673749,0.088276274,0.58387855,Non-game,,,,,,,,,,,Native,,,,,,,
Etheostoma duryi,0.302025405,0.112730509,0.584055111,Non-game,,,,,,Native,,,,,,,,,,,,
Etheostoma edwini,0.318787878,0.132965749,0.547043446,Non-game,,,Native,,,,,,,,,,,,,,,
Etheostoma euzonum,0.350774076,0.07717152,0.570883842,Non-game,,,,,,,,,,Non-native,Non-native,,,,,,,
Etheostoma exile,0.316464832,0.190080589,0.492227991,Non-game,,,,Native,Native,,Non-native,,Non-native,Non-native,,,,,,,,
Etheostoma flabellare,0.342627294,0.074646457,0.581559729,Non-game,,Non-native,Non-native,Non-native,Non-native,Non-native,Non-native,,,Non-native,Non-native,,,,,,,
Etheostoma fusiforme,0.293597983,0.15435582,0.550831913,Non-game,Non-native,Native,Native,,,,,,,,,,,,,,,
Etheostoma gracile,0.298935522,0.085951587,0.613926671,Non-game,,,Non-native,,Non-native,,Non-native,Non-native,,,Non-native,Non-native,,,,,,
Etheostoma hopkinsi,0.285684566,0.136974287,0.576138585,Non-game,,,Non-native,,,,,,,,,,,,,,,
Etheostoma inscriptum,0.325564094,0.105699768,0.567549729,Non-game,,,Non-native,,,,,,,,,,,,,,,
Etheostoma jordani,0.328586894,0.101182855,0.569047193,Non-game,,,Native,,,,,Native,,,,,,,,,,
Etheostoma juliae,0.275839265,0.154964276,0.567979739,Non-game,,,,,,,,,,,Non-native,,,,,,,
Etheostoma lepidum,0.320913126,0.104060105,0.573836093,Non-game,,,,,,,,,,,,Native,,,,,,
Etheostoma longimanum,0.320597757,0.093668231,0.584553357,Non-game,,Non-native,Non-native,,,,,,,,,,,,,,,
Etheostoma maculatum,0.290747379,0.12639501,0.581666565,Non-game,,,,,Non-native,,,,,,,,,,,,,
Etheostoma nigripinne,0.345802539,0.06846491,0.584563981,Non-game,,,,,,Non-native,,,,,,,,,,,,
Etheostoma nigrum,0.386786789,0,0.61208634,Non-game,,Non-native,Native,Non-native,Native,Native,Non-native,Native,Non-native,Non-native,Native,,,,,,,
Etheostoma olmstedi,0.343681556,0.084693924,0.570455747,Non-game,Non-native,Native,Native,Native,,,,,,,,,,,,,,
Etheostoma punctulatum,0.310372381,0.107052168,0.581388434,Non-game,,,,,,,Non-native,,,Non-native,Non-native,,,,,,,
Etheostoma ramseyi,0.304342327,0.120512159,0.573952814,Non-game,,,Non-native,,,,,,,,,,,,,,,
Etheostoma rufilineatum,0.245729786,0.206705014,0.546325161,Non-game,,,,,Non-native,Native,,,,,,,,,,,,
Etheostoma rupestre,0.368435152,0.064751199,0.565649831,Non-game,,,Non-native,,,,,,,,,,,,,,,
Etheostoma scotti,0.302682855,0.113764876,0.582361356,Non-game,,,Native,,,,,,,,,,,,,,,
Etheostoma serrifer,0.278115407,0.151636281,0.569039892,Non-game,,,Native,,,,,,,,,,,,,,,
Etheostoma simoterum,0.290763552,0.131899017,0.576139311,Non-game,,,,,Non-native,Non-native,,Non-native,,,,,,,,,,
Etheostoma spectabile,0.280562982,0.141191297,0.577036606,Non-game,,,,Non-native,Non-native,,Non-native,Non-native,,Non-native,Non-native,Non-native,,,,,,
Etheostoma stigmaeum,0.382319068,0.07792526,0.538580883,Non-game,,,Non-native,,Non-native,Non-native,,Non-native,,,Non-native,,,,,,,
Etheostoma swaini,0.36114264,0.05698635,0.580709551,Non-game,,,Non-native,,,,,Non-native,,,,,,,,,,
Etheostoma swannanoa,0.288405922,0.148565631,0.561822275,Non-game,,,,,,Native,,,,,,,,,,,,
Etheostoma tallapoosae,0.318741907,0.101669144,0.578405171,Non-game,,,Native,,,,,,,,,,,,,,,
Etheostoma tetrazonum,0.336954141,0.099528562,0.562329314,Non-game,,,,,,,Non-native,,,Non-native,,,,,,,,
Etheostoma thalassinum,0.322673444,0.092935568,0.583209438,Non-game,,,Non-native,,,,,,,,,,,,,,,
Etheostoma tippecanoe,0.265138485,0.181497944,0.552135932,Non-game,,,,,Non-native,,,,,,,,,,,,,
Etheostoma variatum,0.306853074,0.17914732,0.512776625,Non-game,,,,,Non-native,,,,,,,,,,,,,
Etheostoma vitreum,0.428075537,0.029392733,0.541381465,Non-game,,Native,Native,,,,,,,,,,,,,,,
Etheostoma vulneratum,0.267305976,0.142243687,0.5892441,Non-game,,,,,,Native,,,,,,,,,,,,
Etheostoma whipplei,0.285967925,0.137714813,0.57511514,Non-game,,,Non-native,,,,,Non-native,,,Non-native,,,,,,,
Etheostoma zonale,0.250144956,0.180248077,0.568377698,Non-game,,Non-native,Non-native,Non-native,Non-native,Native,Native,,,Native,Native,,,,,,,
Exoglossum laurae,0.138435684,0.320197302,0.540070297,Non-game,,,,,Native,,,,,,,,,,,,,
Exoglossum maxillingua,0.059900497,0.406223896,0.532539874,Non-game,Native,Non-native,Non-native,Non-native,Non-native,,,,,,,,,,,,,
Fundulus catenatus,0.215085283,0.116411754,0.667298335,Non-game,,,Non-native,,Non-native,Native,Native,Native,,Native,Non-native,,,,,,,
Fundulus chrysotus,0.138881963,0.155912629,0.70397752,Non-game,,,Native,,,,,,,,Non-native,Native,,,,,,
Fundulus diaphanus,0.197955902,0.139753359,0.661078645,Non-game,Native,Native,,Native,Non-native,,Native,,,,,,,,,,Non-native,
Fundulus dispar,0.162427545,0.152800476,0.683547726,Non-game,,,,,Non-native,,Non-native,Non-native,,,,,,,,,,
Fundulus heteroclitus,0.112579789,0.228193138,0.657971265,Non-game,Native,Non-native,,,,,,,,,,,,,,,,
Fundulus lineolatus,0.21440426,0.113900188,0.67049381,Non-game,,,Non-native,,,,,,,,,,,,,,,
Fundulus notatus,0.21657974,0.104197016,0.678024604,Non-game,,,Native,Native,Non-native,Native,Native,Native,,Non-native,Non-native,Native,,,,,,
Fundulus olivaceus,0.183216821,0.154838957,0.660722285,Non-game,,,Native,,Native,Native,Native,Native,,Native,Non-native,Non-native,,,,,,
Fundulus rathbuni,0.162981852,0.193443048,0.642334342,Non-game,,Non-native,Non-native,,,,,,,,,,,,,,,
Fundulus sciadicus,0.196297941,0.115821412,0.686674781,Non-game,,,,,,,,,,Non-native,,,,,,,,
Fundulus stellifer,0.195426227,0.130206265,0.673156775,Non-game,,,Native,,,,,,,,,,,,,,,
Fundulus zebrinus,0.205125025,0.139797624,0.65386401,Non-game,,,,,,,,,,Non-native,Native,Native,Non-native,,,,,
Gambusia affinis,0.129397041,0.058343311,0.811078781,Non-game,Non-native,Non-native,Non-native,,Non-native,Native,Non-native,Native,,Non-native,Non-native,Native,Non-native,,Non-native,Non-native,Non-native,Non-native
Gasterosteus aculeatus,0.185505485,0.194219303,0.619060663,Non-game,Native,,,,,,,,,,,,,,,,Native,Native
Gila atraria,0,0.636111864,0.362455264,Non-game,,,,,,,,,,,,,,Non-native,,Native,Native,
Gila pandora,0,0.575976449,0.422620137,Non-game,,,,,,,,,,,,,Native,,,,,
Gila robusta,0.094755377,0.479817518,0.424059997,Non-game,,,,,,,,,,,,,,Native,Native,,,
Hemitremia flammea,0.088602515,0.333173633,0.576919138,Non-game,,,Non-native,,,Non-native,,,,,,,,,,,,
Hesperoleucus symmetricus,0,0.437781749,0.560867379,Non-game,,,,,,,,,,,,,,,,,,Non-native
Heterandria formosa,0,0,0.999066319,Non-game,,,Native,,,,,,,,,,,,,,,
Hiodon alosoides,0.083499438,0.665016164,0.250055917,Non-game,,,,,,,Non-native,Native,Native,Non-native,,,,,,,,
Hiodon tergisus,0.016913247,0.638583141,0.343081186,Non-game,,,,,Native,,,Native,,Non-native,,,,,,,,
Hybognathus argyritis,0.083546334,0.399132327,0.515989246,Non-game,,,,,,,,,,Non-native,,,,,,,,
Hybognathus hankinsoni,0.057116951,0.406595114,0.534953238,Non-game,,,,Non-native,,,Non-native,,Non-native,Non-native,,,,,,,,
Hybognathus nuchalis,0.075938653,0.392461317,0.530267583,Non-game,,,,,Native,,Native,Native,,,,,,,,,,
Hybognathus placitus,0.098641247,0.386689492,0.513344926,Non-game,,,,,,,,,,Native,Native,Native,Non-native,,,,,
Hybognathus regius,0.012869357,0.42532709,0.560453559,Non-game,Non-native,Native,Native,,,,,,,,,,,,,,,
Hybopsis amblops,0.07230715,0.410538093,0.515813005,Non-game,,,,,Native,Native,Non-native,,,,Native,,,,,,,
Hybopsis hypsinotus,0.008653682,0.470070017,0.519905667,Non-game,,,Native,,,,,,,,,,,,,,,
Hybopsis lineapunctata,0.091471838,0.392302752,0.51489356,Non-game,,,Non-native,,,,,,,,,,,,,,,
Hybopsis rubrifrons,0.057477556,0.424303621,0.516870744,Non-game,,,Non-native,,,,,,,,,,,,,,,
Hybopsis winchelli,0.057477556,0.424303621,0.516870744,Non-game,,,Non-native,,,,,Non-native,,,,,,,,,,
Hypentelium etowanum,0.324285339,0.427683056,0.246712514,Non-game,,,Native,,,,,Non-native,,,,,,,,,,
Hypentelium nigricans,0.392561809,0.362680016,0.243469857,Non-game,,Non-native,Non-native,Native,Native,Native,Native,Native,,Non-native,Native,,,,,,,
Hypophthalmichthys nobilis,0,0.785152379,0.213386726,Non-game,,,,,,,,Non-native,,Non-native,,,,,,,,
Ichthyomyzon castaneus,0.659172624,0.140455681,0.199231722,Non-game,,,Native,Non-native,Non-native,Native,Native,Non-native,Non-native,Native,Native,,,,,,,
Ichthyomyzon fossor,0.6670953,0.016309581,0.315506532,Non-game,,,,Native,,,Non-native,,Non-native,Native,,,,,,,,
Ichthyomyzon gagei,0.648494672,0.011273185,0.339144235,Non-game,,,Native,,,Non-native,,Non-native,,,Native,Native,,,,,,
Ichthyomyzon greeleyi,0.65693441,0.030955495,0.311015445,Non-game,,,,,,Non-native,,,,,,,,,,,,
Ichthyomyzon unicuspis,0.664798165,0.145619123,0.188441588,Non-game,,,,Non-native,,,Native,,Native,,,,,,,,,
Ictalurus furcatus,0.361721894,0.586166879,0.050751756,Game,,,,,,,,Native,,,Non-native,Non-native,,,,,,
Ictalurus punctatus,0.314089197,0.489529973,0.195059466,Game,,Non-native,Non-native,Native,Non-native,Native,Non-native,Native,Native,Non-native,Native,Native,Non-native,Non-native,Non-native,Non-native,Non-native,Non-native
Ictiobus bubalus,0.066869807,0.771027471,0.160622729,Game,,,Non-native,,Non-native,Native,Non-native,Native,,Non-native,Non-native,Native,,,,,,
Ictiobus cyprinellus,0.129431338,0.746589724,0.122513226,Game,,,,,Native,,Native,Native,,Native,Native,,,,,,,
Ictiobus niger,0.122464714,0.701797381,0.174290537,Non-game,,,,,,,,Native,,,Native,,,,,,,
Labidesthes sicculus,0.211403921,0.191300258,0.596072604,Non-game,,,Non-native,Native,Native,Native,Native,Native,,Non-native,Native,Non-native,,,,,,
Lampetra appendix,0.682847514,0.089937526,0.226098034,Non-game,Native,Native,Native,Native,Native,Native,Native,,,,,,,,,,,
Lampetra richardsoni,0.660328779,0.022491485,0.316088273,Non-game,,,,,,,,,,,,,,,,,Native,
Lepisosteus oculatus,0.578124952,0.341270374,0.079355239,Game,,,Non-native,,Non-native,,Non-native,Native,,Native,Non-native,Non-native,Native,,,,,
Lepisosteus osseus,0.626687255,0.372106351,0,Game,,,Native,Native,Non-native,Native,Native,Native,,Non-native,Non-native,Native,,,,,,
Lepisosteus platostomus,0.592393422,0.36707629,0.039271879,Game,,,,,Native,Native,Native,Non-native,,Non-native,Non-native,Non-native,,,,,,
Lepisosteus platyrhincus,0.603183547,0.317362294,0.078216916,Game,,,Native,,,,,,,,,,,,,,,
Lepomis auritus,0.158737831,0.371033025,0.468930319,Game,Non-native,Native,Non-native,,Non-native,Non-native,,,,,,Non-native,Non-native,,,,,
Lepomis cyanellus,0.15447952,0.412628921,0.431572078,Game,Non-native,Non-native,Non-native,Non-native,Non-native,Non-native,Non-native,Native,Non-native,Non-native,Non-native,Native,Non-native,Non-native,Non-native,Non-native,Non-native,Non-native
Lepomis gibbosus,0.139590565,0.434428376,0.424653403,Non-game,Native,Non-native,Native,Native,Non-native,,Native,,Native,Non-native,Non-native,,,,Non-native,,Non-native,
Lepomis gulosus,0.239115453,0.376924526,0.382665844,Game,,Non-native,Non-native,Non-native,Non-native,Non-native,Non-native,Native,,Non-native,Non-native,Non-native,Non-native,,,,Non-native,
Lepomis humilis,0.09226773,0.46982855,0.436555063,Non-game,,,Non-native,Non-native,Non-native,,Native,Native,Non-native,Non-native,Native,Non-native,,,,,,
Lepomis macrochirus,0.079995773,0.484731872,0.43391837,Game,Non-native,Non-native,Non-native,Non-native,Non-native,Native,Non-native,Native,Non-native,Non-native,Non-native,Native,Native,,,Non-native,Non-native,Non-native
Lepomis marginatus,0.101434755,0.385370945,0.511884916,Non-game,,,Non-native,,,,,Native,,,Native,Native,,,,,,
Lepomis megalotis,0.155454043,0.39605705,0.447178215,Non-game,,Non-native,Non-native,Non-native,Non-native,Native,Non-native,Native,,Non-native,Non-native,Native,Native,,,,,
Lepomis microlophus,0.159136115,0.468957956,0.370570842,Game,,Non-native,Non-native,Non-native,Non-native,Native,Non-native,Native,,Non-native,Non-native,Non-native,,,,Non-native,Non-native,Non-native
Lepomis miniatus,0.120238552,0.440532515,0.437898479,Non-game,,,Non-native,,,Native,,Native,,,Native,Native,,,,,,
Lepomis punctatus,0.121211371,0.432145256,0.445316049,Non-game,,,Non-native,,,,,Non-native,,,Non-native,Non-native,,,,,,
Lepomis symmetricus,0.129775543,0.315801339,0.553144358,Non-game,,,,,,,,Native,,,,,,,,,,
Lota lota,0.595586564,0.403154206,0,Game,Native,,,Native,,,Non-native,,Non-native,,,,,Non-native,,,,
Luxilus albeolus,0.051117833,0.356845567,0.590737234,Non-game,,,Native,,Non-native,,,,,,,,,,,,,
Luxilus cardinalis,0.06273136,0.345324612,0.59065119,Non-game,,,,,,,,,,,Native,,,,,,,
Luxilus cerasinus,0.025840339,0.375583717,0.597267127,Non-game,,Non-native,Non-native,,Non-native,,,,,,,,,,,,,
Luxilus chrysocephalus,0.051262415,0.348319306,0.59912452,Non-game,,Non-native,Native,Native,Native,Native,Native,Native,,Native,Native,,,,,,,
Luxilus coccogenis,0.079969949,0.334647713,0.584095785,Non-game,,,Non-native,,,Native,,,,,,,,,,,,
Luxilus cornutus,0.004918707,0.378610434,0.61516194,Non-game,Non-native,Native,Non-native,Non-native,Non-native,,Non-native,Non-native,Native,Non-native,,,,,,,,
Luxilus pilsbryi,0.048469266,0.356025947,0.59420522,Non-game,,,,,,,,,,Non-native,Non-native,,,,,,,
Luxilus zonatus,0.057488993,0.345963151,0.59525312,Non-game,,,,,,,Non-native,,,Non-native,Non-native,,,,,,,
Luxilus zonistius,0.075199764,0.329962491,0.593551096,Non-game,,,Non-native,,,,,,,,,,,,,,,
Lythrurus ardens,0,0.431518799,0.567141595,Non-game,,Native,Non-native,,Non-native,,,,,,,,,,,,,
Lythrurus atrapiculus,0,0.41025129,0.588408841,Non-game,,,Non-native,,,,,,,,,,,,,,,
Lythrurus bellus,0,0.408630013,0.590029006,Non-game,,,Non-native,,,,,,,,,,,,,,,
Lythrurus fasciolaris,0,0.41096354,0.587694902,Non-game,,,Non-native,,Non-native,Native,,,,,,,,,,,,
Lythrurus lirus,0.02712701,0.378301026,0.593240689,Non-game,,,,,,Non-native,,,,,,,,,,,,
Lythrurus roseipinnis,0,0.362612641,0.636062407,Non-game,,,Non-native,,,,,Non-native,,,,,,,,,,
Lythrurus umbratilis,0,0.389615153,0.609051518,Non-game,,,,Non-native,Non-native,,Non-native,Non-native,,Non-native,Non-native,Non-native,,,,,,
Macrhybopsis hyostoma,0.158654097,0.253378048,0.58670029,Non-game,,,,,,,Non-native,,,Non-native,Non-native,,,,,,,
Macrhybopsis storeriana,0.152592331,0.277596978,0.568534057,Non-game,,,Non-native,,,Non-native,Non-native,Non-native,,Non-native,Non-native,,,,,,,
Margariscus margarita,0.109303411,0.367188537,0.522188988,Non-game,Non-native,Native,,Non-native,Native,,Non-native,,Non-native,Non-native,,,,,,,,
Menidia beryllina,0.075407853,0.35892222,0.564363825,Non-game,,,Non-native,,,,,Native,,,Non-native,Non-native,Native,,,,,Non-native
Micropterus coosae,0.231760684,0.484419388,0.282488733,Game,,,Native,,,,,,,,,,,,,,,Non-native
Micropterus dolomieu,0.20532986,0.555561499,0.237745314,Game,Non-native,Non-native,Non-native,Non-native,Non-native,Native,Native,,Non-native,Non-native,Non-native,Non-native,,Non-native,Non-native,Non-native,Non-native,Non-native
Micropterus punctulatus,0.217559127,0.512103632,0.268994246,Game,,Non-native,Non-native,Non-native,Non-native,Native,Non-native,Native,,Non-native,Non-native,Non-native,,,,,,Non-native
Micropterus salmoides,0.210666041,0.558241911,0.229728182,Game,Non-native,Non-native,Native,Non-native,Non-native,Native,Native,Native,Non-native,Non-native,Non-native,Native,Native,Non-native,Non-native,Non-native,Non-native,Non-native
Micropterus treculii,0.191082719,0.527780403,0.279784817,Non-game,,,,,,,,,,,,Non-native,,,,,,
Minytrema melanops,0.184612942,0.514193988,0.299828087,Non-game,,,Native,Native,Native,Native,Native,Native,,Native,Native,Native,,,,,,
Misgurnus anguillicaudatus,0.292607596,0.26086836,0.445271656,Non-game,,,Non-native,,,,Non-native,,,,,,,,,,Non-native,
Morone americana,0.20667764,0.580827467,0.211110202,Game,,,Native,Non-native,,,,,,Non-native,Non-native,,,,,,,
Morone chrysops,0.082199883,0.658814485,0.257559164,Game,,,Non-native,Native,Non-native,,Non-native,Native,Non-native,Non-native,Non-native,Non-native,Non-native,,,Non-native,,
Morone saxatilis,0.19665181,0.745894991,0.056003248,Game,Native,,,,Non-native,,,,,Non-native,Non-native,,,,,Non-native,,Non-native
Moxostoma anisurum,0.147695864,0.578778347,0.272131271,Game,,,Non-native,Non-native,Native,Native,Native,,Non-native,,,,,,,,,
Moxostoma carinatum,0.192535229,0.545819981,0.260267637,Non-game,,,,Non-native,Non-native,Native,Native,,,,Native,,,,,,,
Moxostoma cervinum,0.269757603,0.471127852,0.257773757,Non-game,,Non-native,Native,,Non-native,,,,,,,,,,,,,
Moxostoma collapsum,0.202546758,0.532849522,0.263232762,Non-game,,,Non-native,,,,,,,,,,,,,,,
Moxostoma congestum,0.211651475,0.524055303,0.26292618,Non-game,,,,,,,,,,,,Non-native,,,,,,
Moxostoma duquesnei,0.202546758,0.532849522,0.263232762,Non-game,,,Native,Native,Native,Native,Native,,,Native,Native,,,,,,,
Moxostoma erythrurum,0.166347288,0.531984754,0.300294626,Non-game,,Non-native,Native,Non-native,Native,Native,Non-native,Native,Non-native,Non-native,Non-native,,,,,,,
Moxostoma lachneri,0.225688846,0.509062315,0.26388946,Non-game,,,Non-native,,,,,,,,,,,,,,,
Moxostoma macrolepidotum,0.128834367,0.571661923,0.298110581,Game,,Non-native,,Native,Non-native,,Non-native,,Non-native,Non-native,Non-native,,,,,,,
Moxostoma pappillosum,0.21012075,0.529017536,0.259493012,Non-game,,,Non-native,,,,,,,,,,,,,,,
Moxostoma poecilurum,0.188947079,0.542284948,0.267393656,Non-game,,,Non-native,,,,,Non-native,,,,Non-native,,,,,,
Moxostoma rupiscartes,0.253217642,0.481804569,0.263631449,Non-game,,,Non-native,,,,,,,,,,,,,,,
Moxostoma valenciennesi,0.233218191,0.575747208,0.189648749,Non-game,,,,Native,,,Non-native,,,,,,,,,,,
Mugil cephalus,0,0.620507207,0.378115934,Non-game,,,Non-native,,,,,Non-native,,,,Native,,,,,,
Mylocheilus caurinus,0,0.46866435,0.529979599,Non-game,,,,,,,,,,,,,,,,,Native,
Neogobius melanostomus,0.31222745,0.222011466,0.464544528,Non-game,,,,Non-native,Non-native,,,,,,,,,,,,,
Nocomis asper,0.150529242,0.334290647,0.513879977,Non-game,,,,,,,,,,,Non-native,,,,,,,
Nocomis biguttatus,0.173520394,0.311614324,0.51357617,Non-game,,,,Native,Native,,Native,Non-native,Non-native,Non-native,Native,,,,,,,
Nocomis leptocephalus,0.153140107,0.338112743,0.507445469,Non-game,,Non-native,Non-native,,Native,Non-native,,Native,,,,,,,,,,
Nocomis micropogon,0.162646229,0.326752811,0.509305622,Non-game,,Non-native,,Non-native,Non-native,Native,Non-native,,,,,,,,,,,
Nocomis platyrhynchus,0.099489491,0.368306837,0.530883432,Non-game,,,,,Native,,,,,,,,,,,,,
Nocomis raneyi,0.119161764,0.357241075,0.522285347,Non-game,,Native,Native,,,,,,,,,,,,,,,
Notemigonus crysoleucas,0,0.609054698,0.389558551,Non-game,Non-native,Native,Native,Non-native,Native,,Non-native,Native,Non-native,Non-native,Non-native,Non-native,Non-native,,Non-native,Non-native,Non-native,Non-native
Notropis alborus,0.035685939,0.320335945,0.642673039,Non-game,,,Native,,,,,,,,,,,,,,,
Notropis altipinnis,0.026478762,0.32303062,0.649183408,Non-game,,,Native,,,,,,,,,,,,,,,
Notropis amabilis,0.008281028,0.348776447,0.641622112,Non-game,,,,,,,,,,,,Native,,,,,,
Notropis amoenus,0.027062222,0.330827097,0.640800668,Non-game,,Non-native,Non-native,,,,,,,,,,,,,,,
Notropis amplamala,0,0.487703115,0.510936467,Non-game,,,Non-native,,,,,,,,,,,,,,,
Notropis asperifrons,0.058088557,0.297737618,0.642878571,Non-game,,,Native,,,,,,,,,,,,,,,
Notropis atherinoides,0.020944782,0.31110651,0.666645385,Non-game,,,Native,Non-native,Non-native,Native,Non-native,Native,Non-native,Non-native,Native,Non-native,,,,,,
Notropis atrocaudalis,0.039262553,0.308089341,0.651347112,Non-game,,,,,,,,,,,Native,Non-native,,,,,,
Notropis baileyi,0,0.490703267,0.507919292,Non-game,,,Non-native,,,,,,,,,,,,,,,
Notropis bairdi,0.069027588,0.28120923,0.648476549,Non-game,,,,,,,,,,,Non-native,,,,,,,
Notropis blennius,0,0.339429749,0.659255679,Non-game,,,,,Non-native,,Non-native,Native,,Non-native,,,,,,,,
Notropis boops,0.057687301,0.29826484,0.642752599,Non-game,,,,,Non-native,Native,Native,Native,,Non-native,Native,,,,,,,
Notropis buccatus,0.022853184,0.317925462,0.65791714,Non-game,,Native,Non-native,Native,Native,,Native,,,,,,,,,,,
Notropis buchanani,0.014126164,0.283105157,0.701477729,Non-game,,,,,Native,,Native,,,Native,,Native,,,,,,
Notropis candidus,0.035685939,0.320335945,0.642673039,Non-game,,,Native,,,,,,,,,,,,,,,
Notropis chalybaeus,0.010371048,0.3312489,0.65706736,Non-game,,,Non-native,,,,Non-native,Non-native,,,,,,,,,,
Notropis chiliticus,0.046800501,0.318104895,0.633791449,Non-game,,,Non-native,,,Non-native,,,,,,,,,,,,
Notropis chrosomus,0.030577688,0.313227871,0.654890756,Non-game,,,Non-native,,Non-native,,,,,,Non-native,,,,,,,
Notropis cummingsae,0.029603104,0.325062684,0.644025189,Non-game,,,Non-native,,,,,,,,,,,,,,,
Notropis dorsalis,0.057711926,0.273318509,0.667685563,Non-game,,,,,Non-native,,Non-native,,Non-native,Non-native,Non-native,,,,,,,
Notropis greenei,0.016613662,0.337403841,0.644667231,Non-game,,,,,,,Non-native,,,,Non-native,,,,,,,
Notropis heterodon,0.043339097,0.326419241,0.628934075,Non-game,,,,Non-native,,,Non-native,,,,,,,,,,,
Notropis heterolepis,0.026250919,0.323992506,0.648446945,Non-game,Native,,,Native,,,Non-native,,Non-native,Non-native,,,,,,,,
Notropis hudsonius,0,0.339078602,0.65961294,Non-game,Non-native,Native,Non-native,Native,Non-native,Non-native,Native,,Native,Non-native,,,,,,,,
Notropis leuciodus,0.06210089,0.286586437,0.650022394,Non-game,,,,,Native,Native,,,,,,,,,,,,
Notropis longirostris,0.038011425,0.308827321,0.651859455,Non-game,,Non-native,Non-native,,,,,Native,,,,,,,,,,
Notropis lutipinnis,0.015966495,0.337046259,0.645672764,Non-game,,,Non-native,,,,,,,,,,,,,,,
Notropis nubilus,0.00066688,0.351454173,0.646557611,Non-game,,,,,,,Native,,,Native,Non-native,,,,,,,
Notropis ozarcanus,0.049164746,0.297802308,0.651736741,Non-game,,,,,,,,,,,Native,,,,,,,
Notropis percobromus,0.035685939,0.320335945,0.642673039,Non-game,,,,,,,Non-native,,Non-native,Non-native,Non-native,,,,,,,
Notropis petersoni,0.035749434,0.299648223,0.663304696,Non-game,,,Non-native,,,,,,,,,,,,,,,
Notropis photogenis,0.111247226,0.348479385,0.538963118,Non-game,,,,Non-native,Non-native,Non-native,Non-native,,,,,,,,,,,
Notropis procne,0.010143003,0.3121553,0.676398067,Non-game,,Non-native,Non-native,,Non-native,,,,,,,,,,,,,
Notropis rubellus,0.046878735,0.280894745,0.670938319,Non-game,Non-native,Native,,Non-native,Non-native,,Non-native,,Non-native,,Non-native,,,,,,,
Notropis rubricroceus,0.061130758,0.309016288,0.628553767,Non-game,,,Non-native,,Non-native,Native,,,,,,,,,,,,
Notropis scepticus,0.024311138,0.332168799,0.642208067,Non-game,,,Non-native,,,,,,,,,,,,,,,
Notropis semperasper,0.042764255,0.307189334,0.648746601,Non-game,,Native,,,,,,,,,,,,,,,,
Notropis shumardi,0,0.339725353,0.658957596,Non-game,,,,,,,,Non-native,,,Non-native,Non-native,,,,,,
Notropis spectrunculus,0.105580281,0.246658627,0.646491079,Non-game,,,,,,Non-native,,,,,,,,,,,,
Notropis stilbius,0.054374287,0.310990573,0.633333877,Non-game,,,Non-native,,,,,,,,,,,,,,,
Notropis stramineus,0,0.332141582,0.666550458,Non-game,,,,Non-native,Non-native,Native,Non-native,,Non-native,Non-native,Non-native,Non-native,Native,Non-native,,,,
Notropis telescopus,0.069634301,0.289940052,0.639135122,Non-game,,Non-native,,,Non-native,Native,,,,Non-native,Native,,,,,,,
Notropis texanus,0.012860763,0.278699408,0.707150343,Non-game,,,Non-native,,,,Native,Native,,,,Native,,,,,,
Notropis volucellus,0.072837844,0.313353864,0.612509859,Non-game,Non-native,Non-native,Native,Non-native,Native,Native,Non-native,Native,Non-native,Non-native,Non-native,Non-native,,,,,,
Notropis wickliffi,0.036210134,0.31458452,0.647901006,Non-game,,,,,Non-native,Non-native,Non-native,Non-native,,,,,,,,,,
Notropis xaenocephalus,0.057378168,0.293696274,0.647631271,Non-game,,,Native,,,,,,,,,,,,,,,
Noturus albater,0.464608915,0,0.534284496,Non-game,,,,,,,,,,,Native,,,,,,,
Noturus eleutherus,0.470540492,0,0.528347053,Non-game,,,,,Non-native,Non-native,,,,,Non-native,,,,,,,
Noturus exilis,0.451791735,0.00526243,0.541825971,Non-game,,,Non-native,,Native,Native,Non-native,,,Native,Non-native,,,,,,,
Noturus flavater,0.460950219,0.08632409,0.451572212,Non-game,,,,,,,,,,,Native,,,,,,,
Noturus flavus,0.458461163,0.051056928,0.489341253,Non-game,,Native,,Native,Non-native,Native,Native,,Non-native,Non-native,Non-native,,,,,,,
Noturus funebris,0.402995106,0.075790588,0.52005801,Non-game,,,Non-native,,,,,,,,,,,,,,,
Noturus gyrinus,0.478772805,0.024136566,0.495964999,Non-game,,Non-native,Native,Native,Native,,Native,Native,Non-native,Non-native,,Non-native,,,,,Non-native,
Noturus insignis,0.521460477,0.002884368,0.474542551,Non-game,Non-native,Non-native,Native,Non-native,Non-native,Non-native,,,,,,,,,,,Non-native,
Noturus leptacanthus,0.452458464,0,0.546433898,Non-game,,,Non-native,,,,,Non-native,,,,,,,,,,
Noturus miurus,0.511186793,0,0.487729077,Non-game,,,Native,Native,Native,Native,,Native,,,Native,,,,,,,
Noturus nocturnus,0.498907826,0,0.499980014,Non-game,,,Native,,Native,Native,Non-native,Native,,Native,Native,Non-native,,,,,,
Oncorhynchus clarkii,0.219319954,0.524098279,0.255226204,Game,,,,,,,,,Non-native,Native,,,Native,Native,,Native,Non-native,Native
Oncorhynchus kisutch,0.218492776,0.595648253,0.184476121,Game,,,,Non-native,,,,,,,,,,,,,Native,Native
Oncorhynchus mykiss,0.117705151,0.60516236,0.275732288,Game,Non-native,Non-native,Non-native,Non-native,Non-native,Non-native,Non-native,,Non-native,Non-native,Non-native,,Non-native,Non-native,Non-native,Non-native,Non-native,Non-native
Oncorhynchus nerka,0.115871573,0.52795127,0.354820864,Game,,,,,,,,,,,,,,Non-native,,,Native,
Oncorhynchus tshawytscha,0.240941101,0.592527984,0.165163304,Game,,,,Non-native,,,,,,,,,,,,,Non-native,Native
Opsopoeodus emiliae,0,0.48053278,0.518115569,Non-game,,,Non-native,,,,,Non-native,,,,Non-native,,,,,,
Perca flavescens,0.161630886,0.545437,0.291554354,Game,Native,Native,Non-native,Non-native,Non-native,Non-native,Native,,Native,Non-native,,,Non-native,,,Non-native,Non-native,
Percina aurantiaca,0.305100348,0.261218037,0.432423038,Non-game,,,,,,Native,,,,,,,,,,,,
Percina caprodes,0.270246309,0.311481397,0.416992561,Non-game,,Native,Non-native,Non-native,Non-native,Native,Native,Non-native,Native,Non-native,Non-native,Non-native,,,,,,
Percina carbonaria,0.322061793,0.241618991,0.43507194,Non-game,,,,,,,,,,,,Non-native,,,,,,
Percina crassa,0.24409161,0.314732142,0.439892261,Non-game,,,Non-native,,,,,,,,,,,,,,,
Percina evides,0.313028778,0.255561106,0.430157018,Non-game,,,,,Native,Native,,,,,Native,,,,,,,
Percina kathae,0.32878163,0.24227339,0.427698661,Non-game,,,Native,,,,,,,,,,,,,,,
Percina macrocephala,0.326925499,0.250559674,0.421265061,Non-game,,,,,Non-native,Non-native,,,,,,,,,,,,
Percina macrolepida,0.297500679,0.24584258,0.455406879,Non-game,,,,,,,,,,,,Non-native,,,,,,Non-native
Percina maculata,0.354542629,0.258816674,0.385389319,Non-game,,,,Native,Native,Native,Native,Native,Native,Non-native,Native,,,,,,,
Percina nevisense,0.324565154,0.249524049,0.424662018,Non-game,,,Native,,,,,,,,,,,,,,,
Percina nigrofasciata,0.286078853,0.21545658,0.497226749,Non-game,,,Non-native,,,,,Native,,,,,,,,,,
Percina oxyrhynchus,0.303763922,0.267327185,0.427649909,Non-game,,,,,Non-native,,,,,,,,,,,,,
Percina palmaris,0.265849828,0.22699807,0.505904732,Non-game,,,Non-native,,,,,,,,,,,,,,,
Percina peltata,0.286578488,0.281590644,0.430564379,Non-game,,Native,Non-native,,,,,,,,,,,,,,,
Percina phoxocephala,0.300149249,0.266780804,0.431809113,Non-game,,,,,Non-native,Non-native,Non-native,,,Non-native,Non-native,,,,,,,
Percina roanoka,0.25722025,0.303524846,0.437976677,Non-game,,Non-native,Native,,Non-native,,,,,,,,,,,,,
Percina sciera,0.291414508,0.211794918,0.495551133,Non-game,,,Non-native,,Non-native,Non-native,Non-native,Non-native,,,Non-native,Non-native,,,,,,
Percopsis omiscomaycus,0.448116463,0.178118528,0.372563024,Non-game,,Native,,Non-native,Native,,Native,,Native,,,,,,,,,
Petromyzon marinus,0.631912138,0.291179251,0.075705549,Non-game,Non-native,Native,,Non-native,,,,,,,,,,,,,,
Phenacobius catostomus,0.194643698,0.283914632,0.520167843,Non-game,,,Non-native,,,,,,,,,,,,,,,
Phenacobius mirabilis,0.17523021,0.286522354,0.536969127,Non-game,,,,Native,Native,,Native,Non-native,,Native,Non-native,Native,,,,,,
Pimephales notatus,0.136793954,0.168564568,0.693423682,Non-game,Non-native,Native,Non-native,Non-native,Native,Non-native,Non-native,Non-native,Non-native,Non-native,Native,Non-native,,,,,,
Pimephales promelas,0,0.208583033,0.79017092,Non-game,Non-native,Non-native,Non-native,Non-native,Native,Non-native,Non-native,Non-native,Non-native,Non-native,Native,Non-native,Non-native,Non-native,Non-native,Non-native,Non-native,Non-native
Pimephales tenellus,0.07479846,0.269626117,0.654300658,Non-game,,,,,,,,,,,Non-native,,,,,,,
Pimephales vigilax,0.070832724,0.264818111,0.663074812,Non-game,,,Native,,Non-native,Native,Non-native,Native,Non-native,Non-native,Non-native,Non-native,Non-native,,,,,
Platygobio gracilis,0.236566454,0.420413911,0.341697446,Non-game,,,,,,,,,,Native,Native,,Native,,,,,
Poecilia formosa,0,0.110084684,0.888710305,Non-game,,,,,,,,,,,,Non-native,,,,,,
Poecilia latipinna,0,0.232661363,0.766084786,Non-game,,,Native,,,,,,,,,Non-native,Non-native,,,,,Non-native
Pomoxis annularis,0.141694748,0.581249963,0.275676741,Game,,,Non-native,Non-native,Non-native,Native,Non-native,Native,Non-native,Non-native,Non-native,Native,Non-native,,,,Non-native,Non-native
Pomoxis nigromaculatus,0.123508292,0.580659664,0.294447222,Game,Non-native,Non-native,Native,Native,Native,Native,Native,Native,Non-native,Non-native,Non-native,Non-native,,,,Non-native,Non-native,Non-native
Prosopium williamsoni,0.148670674,0.585495326,0.264437485,Game,,,,,,,,,Native,Native,,,,Native,,Native,Native,
Pteronotropis grandipinnis,0.013838713,0.437894982,0.546912398,Non-game,,,Native,,,,,,,,,,,,,,,
Pteronotropis hypselopterus,0.035544381,0.408099275,0.555013768,Non-game,,,Non-native,,,,,,,,,,,,,,,
Pteronotropis metallicus,0,0.448697631,0.54994684,Non-game,,,Native,,,,,,,,,,,,,,,
Pteronotropis signipinnis,0,0.443161596,0.55548143,Non-game,,,Non-native,,,,,,,,,,,,,,,
Pteronotropis stonei,0,0.446415496,0.55222765,Non-game,,,Native,,,,,,,,,,,,,,,
Ptychocheilus grandis,0.223959506,0.395662353,0.379061833,Non-game,,,,,,,,,,,,,,,,,,Native
Ptychocheilus oregonensis,0.100800008,0.636497622,0.261279754,Non-game,,,,,,,,,,,,,,,,,Non-native,
Pylodictis olivaris,0.565565332,0.362690469,0.070484621,Game,,,Non-native,Non-native,Native,Native,Non-native,Native,,Non-native,Non-native,Native,Native,,Non-native,,,
Rhinichthys atratulus,0.050885125,0.375041087,0.572752219,Non-game,Non-native,Non-native,Non-native,Non-native,Non-native,Native,Non-native,,Non-native,Non-native,,,Non-native,,,,,
Rhinichthys cataractae,0.203705228,0.271254382,0.523771623,Non-game,Non-native,Native,Non-native,Non-native,Non-native,Native,Non-native,,Non-native,Non-native,Native,,Non-native,Non-native,,Non-native,Non-native,
Rhinichthys falcatus,0.183733483,0.299975397,0.515011523,Non-game,,,,,,,,,,,,,,,,,Native,
Rhinichthys osculus,0.154207981,0.304411985,0.540093764,Non-game,,,,,,,,,,Non-native,,,,Native,Non-native,Non-native,Non-native,Native
Rhinichthys umatilla,0.162654263,0.293973279,0.542092539,Non-game,,,,,,,,,,,,,,,,,Native,
Richardsonius balteatus,0.008164111,0.486862869,0.503603938,Non-game,,,,,,,,,,Non-native,,,,Non-native,,Non-native,Non-native,
Richardsonius egregius,0,0.48313575,0.515494753,Non-game,,,,,,,,,,,,,,,,Native,Non-native,
Salmo salar,0.171417047,0.688546955,0.138608286,Game,Non-native,Non-native,,,,,,,,,,,,,,,,
Salmo trutta,0.131875273,0.594966264,0.271760824,Game,Non-native,Non-native,Non-native,Non-native,Non-native,Non-native,Non-native,,,Non-native,Non-native,,Non-native,Non-native,Non-native,Non-native,Non-native,Non-native
Salvelinus confluentus,0.248985049,0.659147321,0.090452432,Game,,,,,,,,,,,,,,,,,Native,
Salvelinus fontinalis,0.188018275,0.508377745,0.302241108,Game,Non-native,Native,Native,Non-native,Non-native,Native,Non-native,,Non-native,Non-native,Non-native,,Non-native,Non-native,Non-native,Non-native,Non-native,Non-native
Salvelinus malma,0.2653472,0.620657615,0.112599435,Game,,,,,,,,,,,,,,,,,Native,
Sander canadensis,0.438130049,0.404778044,0.155799988,Game,,,,,Non-native,,Non-native,Native,Native,Non-native,,,,,,,,
Sander vitreus,0.350480621,0.560467272,0.087691617,Game,Non-native,Non-native,,Native,Non-native,Native,Non-native,,Non-native,Non-native,,,,,,Non-native,,
Semotilus atromaculatus,0.283353645,0.341668276,0.37369417,Non-game,Native,Non-native,Non-native,Non-native,Native,Native,Native,Native,Non-native,Non-native,Non-native,,Non-native,Non-native,,,,
Semotilus corporalis,0.193248805,0.431503662,0.373915712,Non-game,Non-native,Native,Non-native,Non-native,,,,,,,,,,,,,,
Semotilus thoreauianus,0.126875291,0.45466044,0.417119615,Non-game,,,Non-native,,,,,,,,,,,,,,,
Thoburnia rhothoeca,0.281430909,0.39224414,0.325017734,Non-game,,Native,Non-native,,,,,,,,,,,,,,,
Tinca tinca,0,0.67166218,0.326897326,Game,,,,,,,,,,,,,Non-native,,,,Non-native,
Trinectes maculatus,0.03645103,0.544442212,0.417717042,Non-game,,,Non-native,,,,,,,,,Non-native,,,,,,
Umbra limi,0.266285317,0.145038622,0.587487544,Non-game,Non-native,,,Non-native,Native,Native,Native,Native,Non-native,,,,,,,,,
Umbra pygmaea,0.1913321,0.258693627,0.54873375,Non-game,,Native,Native,,,,,,,,,,,,,,,
