"Scientific.Name","HUC2","Native"
"Agosia.chrysogaster","15","Non-native"
"Alosa.chrysochloris","05","Non-native"
"Alosa.pseudoharengus","01","Non-native"
"Ambloplites.ariommus","10","Non-native"
"Ambloplites.ariommus","11","Non-native"
"Ambloplites.constellatus","10","Non-native"
"Ambloplites.constellatus","11","Non-native"
"Ambloplites.rupestris","01","Non-native"
"Ambloplites.rupestris","02","Non-native"
"Ambloplites.rupestris","03","Non-native"
"Ambloplites.rupestris","04","Non-native"
"Ambloplites.rupestris","05","Non-native"
"Ambloplites.rupestris","08","Non-native"
"Ambloplites.rupestris","10","Non-native"
"Ambloplites.rupestris","11","Non-native"
"Ambloplites.rupestris","17","Non-native"
"Ameiurus.brunneus","03","Non-native"
"Ameiurus.catus","18","Non-native"
"Ameiurus.melas","02","Non-native"
"Ameiurus.melas","03","Non-native"
"Ameiurus.melas","10","Non-native"
"Ameiurus.melas","11","Non-native"
"Ameiurus.melas","14","Non-native"
"Ameiurus.melas","15","Non-native"
"Ameiurus.melas","16","Non-native"
"Ameiurus.melas","17","Non-native"
"Ameiurus.melas","18","Non-native"
"Ameiurus.natalis","01","Non-native"
"Ameiurus.natalis","02","Non-native"
"Ameiurus.natalis","03","Non-native"
"Ameiurus.natalis","05","Non-native"
"Ameiurus.natalis","10","Non-native"
"Ameiurus.natalis","13","Non-native"
"Ameiurus.natalis","14","Non-native"
"Ameiurus.natalis","15","Non-native"
"Ameiurus.natalis","17","Non-native"
"Ameiurus.natalis","18","Non-native"
"Ameiurus.nebulosus","01","Non-native"
"Ameiurus.nebulosus","04","Non-native"
"Ameiurus.nebulosus","05","Non-native"
"Ameiurus.nebulosus","06","Non-native"
"Ameiurus.nebulosus","10","Non-native"
"Ameiurus.nebulosus","11","Non-native"
"Ameiurus.nebulosus","17","Non-native"
"Ameiurus.nebulosus","18","Non-native"
"Ameiurus.platycephalus","03","Non-native"
"Ammocrypta.pellucida","04","Non-native"
"Ammocrypta.pellucida","05","Non-native"
"Aplodinotus.grunniens","04","Non-native"
"Aplodinotus.grunniens","10","Non-native"
"Astyanax.mexicanus","12","Non-native"
"Campostoma.anomalum","02","Non-native"
"Campostoma.anomalum","03","Non-native"
"Campostoma.anomalum","04","Non-native"
"Campostoma.anomalum","05","Non-native"
"Campostoma.anomalum","07","Non-native"
"Campostoma.anomalum","09","Non-native"
"Campostoma.anomalum","10","Non-native"
"Campostoma.oligolepis","03","Non-native"
"Campostoma.oligolepis","05","Non-native"
"Campostoma.oligolepis","06","Non-native"
"Campostoma.oligolepis","07","Non-native"
"Campostoma.oligolepis","09","Non-native"
"Campostoma.oligolepis","10","Non-native"
"Campostoma.oligolepis","11","Non-native"
"Carassius.auratus","01","Non-native"
"Carassius.auratus","02","Non-native"
"Carassius.auratus","03","Non-native"
"Carassius.auratus","04","Non-native"
"Carassius.auratus","05","Non-native"
"Carassius.auratus","07","Non-native"
"Carassius.auratus","09","Non-native"
"Carassius.auratus","10","Non-native"
"Carassius.auratus","11","Non-native"
"Carassius.auratus","12","Non-native"
"Carassius.auratus","15","Non-native"
"Carassius.auratus","16","Non-native"
"Carassius.auratus","18","Non-native"
"Carpiodes.carpio","05","Non-native"
"Carpiodes.carpio","07","Non-native"
"Carpiodes.carpio","09","Non-native"
"Carpiodes.carpio","10","Non-native"
"Carpiodes.cyprinus","10","Non-native"
"Carpiodes.velifer","04","Non-native"
"Catostomus.catostomus","10","Non-native"
"Catostomus.catostomus","11","Non-native"
"Catostomus.catostomus","13","Non-native"
"Catostomus.catostomus","14","Non-native"
"Catostomus.clarkii","16","Non-native"
"Catostomus.columbianus","17","Non-native"
"Catostomus.commersonii","01","Non-native"
"Catostomus.commersonii","03","Non-native"
"Catostomus.commersonii","04","Non-native"
"Catostomus.commersonii","09","Non-native"
"Catostomus.commersonii","11","Non-native"
"Catostomus.commersonii","13","Non-native"
"Catostomus.commersonii","14","Non-native"
"Catostomus.commersonii","16","Non-native"
"Catostomus.macrocheilus","17","Non-native"
"Chrosomus.eos","01","Non-native"
"Chrosomus.eos","04","Non-native"
"Chrosomus.eos","07","Non-native"
"Chrosomus.eos","09","Non-native"
"Chrosomus.eos","10","Non-native"
"Chrosomus.erythrogaster","04","Non-native"
"Chrosomus.erythrogaster","05","Non-native"
"Chrosomus.erythrogaster","06","Non-native"
"Chrosomus.erythrogaster","07","Non-native"
"Chrosomus.erythrogaster","10","Non-native"
"Chrosomus.erythrogaster","11","Non-native"
"Chrosomus.oreas","03","Non-native"
"Chrosomus.oreas","05","Non-native"
"Clarias.batrachus","03","Non-native"
"Clinostomus.funduloides","02","Non-native"
"Clinostomus.funduloides","03","Non-native"
"Clinostomus.funduloides","05","Non-native"
"Cottus.asper","17","Non-native"
"Cottus.asper","18","Non-native"
"Cottus.bairdii","03","Non-native"
"Cottus.bairdii","04","Non-native"
"Cottus.bairdii","05","Non-native"
"Cottus.bairdii","06","Non-native"
"Cottus.bairdii","07","Non-native"
"Cottus.bairdii","09","Non-native"
"Cottus.bairdii","10","Non-native"
"Cottus.bairdii","14","Non-native"
"Cottus.bairdii","16","Non-native"
"Cottus.bairdii","17","Non-native"
"Cottus.beldingii","17","Non-native"
"Cottus.caeruleomentum","02","Non-native"
"Cottus.caeruleomentum","03","Non-native"
"Cottus.carolinae","02","Non-native"
"Cottus.carolinae","03","Non-native"
"Cottus.carolinae","05","Non-native"
"Cottus.carolinae","06","Non-native"
"Cottus.carolinae","07","Non-native"
"Cottus.carolinae","10","Non-native"
"Cottus.carolinae","11","Non-native"
"Cottus.cognatus","17","Non-native"
"Cottus.confusus","17","Non-native"
"Cottus.girardi","02","Non-native"
"Cottus.hypselurus","11","Non-native"
"Cottus.perplexus","17","Non-native"
"Couesius.plumbeus","09","Non-native"
"Culaea.inconstans","04","Non-native"
"Culaea.inconstans","09","Non-native"
"Culaea.inconstans","10","Non-native"
"Culaea.inconstans","11","Non-native"
"Culaea.inconstans","13","Non-native"
"Culaea.inconstans","14","Non-native"
"Culaea.inconstans","17","Non-native"
"Cycleptus.elongatus","10","Non-native"
"Cycleptus.elongatus","14","Non-native"
"Cyprinella.analostana","02","Non-native"
"Cyprinella.analostana","03","Non-native"
"Cyprinella.callistia","03","Non-native"
"Cyprinella.camura","06","Non-native"
"Cyprinella.camura","08","Non-native"
"Cyprinella.camura","10","Non-native"
"Cyprinella.camura","11","Non-native"
"Cyprinella.chloristia","03","Non-native"
"Cyprinella.galactura","03","Non-native"
"Cyprinella.galactura","05","Non-native"
"Cyprinella.galactura","06","Non-native"
"Cyprinella.galactura","11","Non-native"
"Cyprinella.leedsi","03","Non-native"
"Cyprinella.lutrensis","03","Non-native"
"Cyprinella.lutrensis","05","Non-native"
"Cyprinella.lutrensis","07","Non-native"
"Cyprinella.lutrensis","08","Non-native"
"Cyprinella.lutrensis","10","Non-native"
"Cyprinella.lutrensis","11","Non-native"
"Cyprinella.lutrensis","14","Non-native"
"Cyprinella.lutrensis","15","Non-native"
"Cyprinella.lutrensis","16","Non-native"
"Cyprinella.lutrensis","17","Non-native"
"Cyprinella.lutrensis","18","Non-native"
"Cyprinella.nivea","03","Non-native"
"Cyprinella.spiloptera","02","Non-native"
"Cyprinella.spiloptera","04","Non-native"
"Cyprinella.spiloptera","05","Non-native"
"Cyprinella.spiloptera","06","Non-native"
"Cyprinella.spiloptera","07","Non-native"
"Cyprinella.spiloptera","09","Non-native"
"Cyprinella.spiloptera","10","Non-native"
"Cyprinella.trichroistia","03","Non-native"
"Cyprinella.venusta","10","Non-native"
"Cyprinella.venusta","12","Non-native"
"Cyprinella.whipplei","07","Non-native"
"Cyprinella.whipplei","08","Non-native"
"Cyprinella.zanema","03","Non-native"
"Cyprinodon.rubrofluviatilis","11","Non-native"
"Cyprinus.carpio","01","Non-native"
"Cyprinus.carpio","02","Non-native"
"Cyprinus.carpio","03","Non-native"
"Cyprinus.carpio","04","Non-native"
"Cyprinus.carpio","05","Non-native"
"Cyprinus.carpio","06","Non-native"
"Cyprinus.carpio","07","Non-native"
"Cyprinus.carpio","08","Non-native"
"Cyprinus.carpio","09","Non-native"
"Cyprinus.carpio","10","Non-native"
"Cyprinus.carpio","11","Non-native"
"Cyprinus.carpio","12","Non-native"
"Cyprinus.carpio","13","Non-native"
"Cyprinus.carpio","14","Non-native"
"Cyprinus.carpio","15","Non-native"
"Cyprinus.carpio","16","Non-native"
"Cyprinus.carpio","17","Non-native"
"Cyprinus.carpio","18","Non-native"
"Dionda.serena","12","Non-native"
"Dorosoma.cepedianum","04","Non-native"
"Dorosoma.cepedianum","06","Non-native"
"Dorosoma.cepedianum","10","Non-native"
"Dorosoma.cepedianum","11","Non-native"
"Dorosoma.petenense","03","Non-native"
"Dorosoma.petenense","07","Non-native"
"Dorosoma.petenense","11","Non-native"
"Dorosoma.petenense","12","Non-native"
"Dorosoma.petenense","18","Non-native"
"Elassoma.evergladei","03","Non-native"
"Elassoma.zonatum","03","Non-native"
"Elassoma.zonatum","12","Non-native"
"Enneacanthus.chaetodon","03","Non-native"
"Erimystax.dissimilis","11","Non-native"
"Erimyzon.oblongus","01","Non-native"
"Erimyzon.oblongus","02","Non-native"
"Erimyzon.oblongus","03","Non-native"
"Erimyzon.oblongus","05","Non-native"
"Erimyzon.oblongus","06","Non-native"
"Erimyzon.oblongus","07","Non-native"
"Erimyzon.oblongus","08","Non-native"
"Erimyzon.oblongus","11","Non-native"
"Erimyzon.oblongus","12","Non-native"
"Erimyzon.sucetta","02","Non-native"
"Esox.americanus","01","Non-native"
"Esox.americanus","05","Non-native"
"Esox.americanus","07","Non-native"
"Esox.americanus","10","Non-native"
"Esox.lucius","01","Non-native"
"Esox.lucius","04","Non-native"
"Esox.lucius","10","Non-native"
"Esox.lucius","13","Non-native"
"Esox.masquinongy","02","Non-native"
"Esox.masquinongy","07","Non-native"
"Esox.niger","01","Non-native"
"Esox.niger","05","Non-native"
"Esox.niger","12","Non-native"
"Etheostoma.asprigene","03","Non-native"
"Etheostoma.asprigene","05","Non-native"
"Etheostoma.asprigene","07","Non-native"
"Etheostoma.asprigene","08","Non-native"
"Etheostoma.asprigene","12","Non-native"
"Etheostoma.blennioides","02","Non-native"
"Etheostoma.blennioides","03","Non-native"
"Etheostoma.blennioides","04","Non-native"
"Etheostoma.blennioides","07","Non-native"
"Etheostoma.blennioides","11","Non-native"
"Etheostoma.caeruleum","02","Non-native"
"Etheostoma.caeruleum","05","Non-native"
"Etheostoma.caeruleum","07","Non-native"
"Etheostoma.chlorosoma","03","Non-native"
"Etheostoma.chlorosoma","05","Non-native"
"Etheostoma.chlorosoma","08","Non-native"
"Etheostoma.chlorosoma","11","Non-native"
"Etheostoma.chlorosoma","12","Non-native"
"Etheostoma.collis","03","Non-native"
"Etheostoma.coosae","03","Non-native"
"Etheostoma.euzonum","10","Non-native"
"Etheostoma.euzonum","11","Non-native"
"Etheostoma.exile","07","Non-native"
"Etheostoma.exile","09","Non-native"
"Etheostoma.exile","10","Non-native"
"Etheostoma.flabellare","02","Non-native"
"Etheostoma.flabellare","03","Non-native"
"Etheostoma.flabellare","04","Non-native"
"Etheostoma.flabellare","05","Non-native"
"Etheostoma.flabellare","06","Non-native"
"Etheostoma.flabellare","07","Non-native"
"Etheostoma.flabellare","10","Non-native"
"Etheostoma.flabellare","11","Non-native"
"Etheostoma.fusiforme","01","Non-native"
"Etheostoma.gracile","03","Non-native"
"Etheostoma.gracile","05","Non-native"
"Etheostoma.gracile","07","Non-native"
"Etheostoma.gracile","08","Non-native"
"Etheostoma.gracile","11","Non-native"
"Etheostoma.gracile","12","Non-native"
"Etheostoma.hopkinsi","03","Non-native"
"Etheostoma.inscriptum","03","Non-native"
"Etheostoma.juliae","11","Non-native"
"Etheostoma.longimanum","02","Non-native"
"Etheostoma.longimanum","03","Non-native"
"Etheostoma.maculatum","05","Non-native"
"Etheostoma.nigripinne","06","Non-native"
"Etheostoma.nigrum","02","Non-native"
"Etheostoma.nigrum","04","Non-native"
"Etheostoma.nigrum","07","Non-native"
"Etheostoma.nigrum","09","Non-native"
"Etheostoma.nigrum","10","Non-native"
"Etheostoma.olmstedi","01","Non-native"
"Etheostoma.punctulatum","07","Non-native"
"Etheostoma.punctulatum","10","Non-native"
"Etheostoma.punctulatum","11","Non-native"
"Etheostoma.ramseyi","03","Non-native"
"Etheostoma.rufilineatum","05","Non-native"
"Etheostoma.rupestre","03","Non-native"
"Etheostoma.simoterum","05","Non-native"
"Etheostoma.simoterum","06","Non-native"
"Etheostoma.simoterum","08","Non-native"
"Etheostoma.spectabile","04","Non-native"
"Etheostoma.spectabile","05","Non-native"
"Etheostoma.spectabile","07","Non-native"
"Etheostoma.spectabile","08","Non-native"
"Etheostoma.spectabile","10","Non-native"
"Etheostoma.spectabile","11","Non-native"
"Etheostoma.spectabile","12","Non-native"
"Etheostoma.stigmaeum","03","Non-native"
"Etheostoma.stigmaeum","05","Non-native"
"Etheostoma.stigmaeum","06","Non-native"
"Etheostoma.stigmaeum","08","Non-native"
"Etheostoma.stigmaeum","11","Non-native"
"Etheostoma.swaini","03","Non-native"
"Etheostoma.swaini","08","Non-native"
"Etheostoma.tetrazonum","07","Non-native"
"Etheostoma.tetrazonum","10","Non-native"
"Etheostoma.thalassinum","03","Non-native"
"Etheostoma.tippecanoe","05","Non-native"
"Etheostoma.variatum","05","Non-native"
"Etheostoma.whipplei","03","Non-native"
"Etheostoma.whipplei","08","Non-native"
"Etheostoma.whipplei","11","Non-native"
"Etheostoma.zonale","02","Non-native"
"Etheostoma.zonale","03","Non-native"
"Etheostoma.zonale","04","Non-native"
"Etheostoma.zonale","05","Non-native"
"Exoglossum.maxillingua","02","Non-native"
"Exoglossum.maxillingua","03","Non-native"
"Exoglossum.maxillingua","04","Non-native"
"Exoglossum.maxillingua","05","Non-native"
"Fundulus.catenatus","03","Non-native"
"Fundulus.catenatus","05","Non-native"
"Fundulus.catenatus","11","Non-native"
"Fundulus.chrysotus","11","Non-native"
"Fundulus.diaphanus","05","Non-native"
"Fundulus.diaphanus","17","Non-native"
"Fundulus.dispar","05","Non-native"
"Fundulus.dispar","07","Non-native"
"Fundulus.dispar","08","Non-native"
"Fundulus.heteroclitus","02","Non-native"
"Fundulus.lineolatus","03","Non-native"
"Fundulus.notatus","05","Non-native"
"Fundulus.notatus","10","Non-native"
"Fundulus.notatus","11","Non-native"
"Fundulus.olivaceus","11","Non-native"
"Fundulus.olivaceus","12","Non-native"
"Fundulus.rathbuni","02","Non-native"
"Fundulus.rathbuni","03","Non-native"
"Fundulus.sciadicus","10","Non-native"
"Fundulus.zebrinus","10","Non-native"
"Fundulus.zebrinus","13","Non-native"
"Gambusia.affinis","01","Non-native"
"Gambusia.affinis","02","Non-native"
"Gambusia.affinis","03","Non-native"
"Gambusia.affinis","05","Non-native"
"Gambusia.affinis","07","Non-native"
"Gambusia.affinis","10","Non-native"
"Gambusia.affinis","11","Non-native"
"Gambusia.affinis","13","Non-native"
"Gambusia.affinis","15","Non-native"
"Gambusia.affinis","16","Non-native"
"Gambusia.affinis","17","Non-native"
"Gambusia.affinis","18","Non-native"
"Gila.atraria","14","Non-native"
"Hemitremia.flammea","03","Non-native"
"Hemitremia.flammea","06","Non-native"
"Hesperoleucus.symmetricus","18","Non-native"
"Hiodon.alosoides","07","Non-native"
"Hiodon.alosoides","10","Non-native"
"Hiodon.tergisus","10","Non-native"
"Hybognathus.argyritis","10","Non-native"
"Hybognathus.hankinsoni","04","Non-native"
"Hybognathus.hankinsoni","07","Non-native"
"Hybognathus.hankinsoni","09","Non-native"
"Hybognathus.hankinsoni","10","Non-native"
"Hybognathus.placitus","13","Non-native"
"Hybognathus.regius","01","Non-native"
"Hybopsis.amblops","07","Non-native"
"Hybopsis.lineapunctata","03","Non-native"
"Hybopsis.rubrifrons","03","Non-native"
"Hybopsis.winchelli","03","Non-native"
"Hybopsis.winchelli","08","Non-native"
"Hypentelium.etowanum","08","Non-native"
"Hypentelium.nigricans","02","Non-native"
"Hypentelium.nigricans","03","Non-native"
"Hypentelium.nigricans","10","Non-native"
"Hypophthalmichthys.nobilis","08","Non-native"
"Hypophthalmichthys.nobilis","10","Non-native"
"Ichthyomyzon.castaneus","04","Non-native"
"Ichthyomyzon.castaneus","05","Non-native"
"Ichthyomyzon.castaneus","08","Non-native"
"Ichthyomyzon.castaneus","09","Non-native"
"Ichthyomyzon.fossor","07","Non-native"
"Ichthyomyzon.fossor","09","Non-native"
"Ichthyomyzon.gagei","06","Non-native"
"Ichthyomyzon.gagei","08","Non-native"
"Ichthyomyzon.greeleyi","06","Non-native"
"Ichthyomyzon.unicuspis","04","Non-native"
"Ictalurus.furcatus","11","Non-native"
"Ictalurus.furcatus","12","Non-native"
"Ictalurus.punctatus","02","Non-native"
"Ictalurus.punctatus","03","Non-native"
"Ictalurus.punctatus","05","Non-native"
"Ictalurus.punctatus","07","Non-native"
"Ictalurus.punctatus","10","Non-native"
"Ictalurus.punctatus","13","Non-native"
"Ictalurus.punctatus","14","Non-native"
"Ictalurus.punctatus","15","Non-native"
"Ictalurus.punctatus","16","Non-native"
"Ictalurus.punctatus","17","Non-native"
"Ictalurus.punctatus","18","Non-native"
"Ictiobus.bubalus","03","Non-native"
"Ictiobus.bubalus","05","Non-native"
"Ictiobus.bubalus","07","Non-native"
"Ictiobus.bubalus","10","Non-native"
"Ictiobus.bubalus","11","Non-native"
"Labidesthes.sicculus","03","Non-native"
"Labidesthes.sicculus","10","Non-native"
"Labidesthes.sicculus","12","Non-native"
"Lepisosteus.oculatus","03","Non-native"
"Lepisosteus.oculatus","05","Non-native"
"Lepisosteus.oculatus","07","Non-native"
"Lepisosteus.oculatus","11","Non-native"
"Lepisosteus.oculatus","12","Non-native"
"Lepisosteus.osseus","05","Non-native"
"Lepisosteus.osseus","10","Non-native"
"Lepisosteus.osseus","11","Non-native"
"Lepisosteus.platostomus","08","Non-native"
"Lepisosteus.platostomus","10","Non-native"
"Lepisosteus.platostomus","11","Non-native"
"Lepisosteus.platostomus","12","Non-native"
"Lepomis.auritus","01","Non-native"
"Lepomis.auritus","03","Non-native"
"Lepomis.auritus","05","Non-native"
"Lepomis.auritus","06","Non-native"
"Lepomis.auritus","12","Non-native"
"Lepomis.auritus","13","Non-native"
"Lepomis.cyanellus","01","Non-native"
"Lepomis.cyanellus","02","Non-native"
"Lepomis.cyanellus","03","Non-native"
"Lepomis.cyanellus","04","Non-native"
"Lepomis.cyanellus","05","Non-native"
"Lepomis.cyanellus","06","Non-native"
"Lepomis.cyanellus","07","Non-native"
"Lepomis.cyanellus","09","Non-native"
"Lepomis.cyanellus","10","Non-native"
"Lepomis.cyanellus","11","Non-native"
"Lepomis.cyanellus","13","Non-native"
"Lepomis.cyanellus","14","Non-native"
"Lepomis.cyanellus","15","Non-native"
"Lepomis.cyanellus","16","Non-native"
"Lepomis.cyanellus","17","Non-native"
"Lepomis.cyanellus","18","Non-native"
"Lepomis.gibbosus","02","Non-native"
"Lepomis.gibbosus","05","Non-native"
"Lepomis.gibbosus","10","Non-native"
"Lepomis.gibbosus","11","Non-native"
"Lepomis.gibbosus","15","Non-native"
"Lepomis.gibbosus","17","Non-native"
"Lepomis.gulosus","02","Non-native"
"Lepomis.gulosus","03","Non-native"
"Lepomis.gulosus","04","Non-native"
"Lepomis.gulosus","05","Non-native"
"Lepomis.gulosus","06","Non-native"
"Lepomis.gulosus","07","Non-native"
"Lepomis.gulosus","10","Non-native"
"Lepomis.gulosus","11","Non-native"
"Lepomis.gulosus","12","Non-native"
"Lepomis.gulosus","13","Non-native"
"Lepomis.gulosus","17","Non-native"
"Lepomis.humilis","03","Non-native"
"Lepomis.humilis","04","Non-native"
"Lepomis.humilis","05","Non-native"
"Lepomis.humilis","09","Non-native"
"Lepomis.humilis","10","Non-native"
"Lepomis.humilis","12","Non-native"
"Lepomis.macrochirus","01","Non-native"
"Lepomis.macrochirus","02","Non-native"
"Lepomis.macrochirus","03","Non-native"
"Lepomis.macrochirus","04","Non-native"
"Lepomis.macrochirus","05","Non-native"
"Lepomis.macrochirus","07","Non-native"
"Lepomis.macrochirus","09","Non-native"
"Lepomis.macrochirus","10","Non-native"
"Lepomis.macrochirus","11","Non-native"
"Lepomis.macrochirus","16","Non-native"
"Lepomis.macrochirus","17","Non-native"
"Lepomis.macrochirus","18","Non-native"
"Lepomis.marginatus","03","Non-native"
"Lepomis.megalotis","02","Non-native"
"Lepomis.megalotis","03","Non-native"
"Lepomis.megalotis","04","Non-native"
"Lepomis.megalotis","05","Non-native"
"Lepomis.megalotis","07","Non-native"
"Lepomis.megalotis","10","Non-native"
"Lepomis.megalotis","11","Non-native"
"Lepomis.microlophus","02","Non-native"
"Lepomis.microlophus","03","Non-native"
"Lepomis.microlophus","04","Non-native"
"Lepomis.microlophus","05","Non-native"
"Lepomis.microlophus","07","Non-native"
"Lepomis.microlophus","10","Non-native"
"Lepomis.microlophus","11","Non-native"
"Lepomis.microlophus","12","Non-native"
"Lepomis.microlophus","16","Non-native"
"Lepomis.microlophus","17","Non-native"
"Lepomis.microlophus","18","Non-native"
"Lepomis.miniatus","03","Non-native"
"Lepomis.punctatus","03","Non-native"
"Lepomis.punctatus","08","Non-native"
"Lepomis.punctatus","11","Non-native"
"Lepomis.punctatus","12","Non-native"
"Lota.lota","07","Non-native"
"Lota.lota","09","Non-native"
"Lota.lota","14","Non-native"
"Luxilus.albeolus","05","Non-native"
"Luxilus.cerasinus","02","Non-native"
"Luxilus.cerasinus","03","Non-native"
"Luxilus.cerasinus","05","Non-native"
"Luxilus.chrysocephalus","02","Non-native"
"Luxilus.coccogenis","03","Non-native"
"Luxilus.cornutus","01","Non-native"
"Luxilus.cornutus","03","Non-native"
"Luxilus.cornutus","04","Non-native"
"Luxilus.cornutus","05","Non-native"
"Luxilus.cornutus","07","Non-native"
"Luxilus.cornutus","08","Non-native"
"Luxilus.cornutus","10","Non-native"
"Luxilus.pilsbryi","10","Non-native"
"Luxilus.pilsbryi","11","Non-native"
"Luxilus.zonatus","07","Non-native"
"Luxilus.zonatus","10","Non-native"
"Luxilus.zonatus","11","Non-native"
"Luxilus.zonistius","03","Non-native"
"Lythrurus.ardens","03","Non-native"
"Lythrurus.ardens","05","Non-native"
"Lythrurus.atrapiculus","03","Non-native"
"Lythrurus.bellus","03","Non-native"
"Lythrurus.fasciolaris","03","Non-native"
"Lythrurus.fasciolaris","05","Non-native"
"Lythrurus.lirus","06","Non-native"
"Lythrurus.roseipinnis","03","Non-native"
"Lythrurus.roseipinnis","08","Non-native"
"Lythrurus.umbratilis","04","Non-native"
"Lythrurus.umbratilis","05","Non-native"
"Lythrurus.umbratilis","07","Non-native"
"Lythrurus.umbratilis","08","Non-native"
"Lythrurus.umbratilis","10","Non-native"
"Lythrurus.umbratilis","11","Non-native"
"Lythrurus.umbratilis","12","Non-native"
"Macrhybopsis.hyostoma","07","Non-native"
"Macrhybopsis.hyostoma","10","Non-native"
"Macrhybopsis.hyostoma","11","Non-native"
"Macrhybopsis.storeriana","03","Non-native"
"Macrhybopsis.storeriana","06","Non-native"
"Macrhybopsis.storeriana","07","Non-native"
"Macrhybopsis.storeriana","08","Non-native"
"Macrhybopsis.storeriana","10","Non-native"
"Macrhybopsis.storeriana","11","Non-native"
"Margariscus.margarita","01","Non-native"
"Margariscus.margarita","04","Non-native"
"Margariscus.margarita","07","Non-native"
"Margariscus.margarita","09","Non-native"
"Margariscus.margarita","10","Non-native"
"Menidia.beryllina","03","Non-native"
"Menidia.beryllina","11","Non-native"
"Menidia.beryllina","12","Non-native"
"Menidia.beryllina","18","Non-native"
"Micropterus.coosae","18","Non-native"
"Micropterus.dolomieu","01","Non-native"
"Micropterus.dolomieu","02","Non-native"
"Micropterus.dolomieu","03","Non-native"
"Micropterus.dolomieu","04","Non-native"
"Micropterus.dolomieu","05","Non-native"
"Micropterus.dolomieu","09","Non-native"
"Micropterus.dolomieu","10","Non-native"
"Micropterus.dolomieu","11","Non-native"
"Micropterus.dolomieu","12","Non-native"
"Micropterus.dolomieu","14","Non-native"
"Micropterus.dolomieu","15","Non-native"
"Micropterus.dolomieu","16","Non-native"
"Micropterus.dolomieu","17","Non-native"
"Micropterus.dolomieu","18","Non-native"
"Micropterus.punctulatus","02","Non-native"
"Micropterus.punctulatus","03","Non-native"
"Micropterus.punctulatus","04","Non-native"
"Micropterus.punctulatus","05","Non-native"
"Micropterus.punctulatus","07","Non-native"
"Micropterus.punctulatus","10","Non-native"
"Micropterus.punctulatus","11","Non-native"
"Micropterus.punctulatus","12","Non-native"
"Micropterus.punctulatus","18","Non-native"
"Micropterus.salmoides","01","Non-native"
"Micropterus.salmoides","02","Non-native"
"Micropterus.salmoides","04","Non-native"
"Micropterus.salmoides","05","Non-native"
"Micropterus.salmoides","09","Non-native"
"Micropterus.salmoides","10","Non-native"
"Micropterus.salmoides","11","Non-native"
"Micropterus.salmoides","14","Non-native"
"Micropterus.salmoides","15","Non-native"
"Micropterus.salmoides","16","Non-native"
"Micropterus.salmoides","17","Non-native"
"Micropterus.salmoides","18","Non-native"
"Micropterus.treculii","12","Non-native"
"Misgurnus.anguillicaudatus","03","Non-native"
"Misgurnus.anguillicaudatus","07","Non-native"
"Misgurnus.anguillicaudatus","17","Non-native"
"Morone.americana","04","Non-native"
"Morone.americana","10","Non-native"
"Morone.americana","11","Non-native"
"Morone.chrysops","03","Non-native"
"Morone.chrysops","05","Non-native"
"Morone.chrysops","07","Non-native"
"Morone.chrysops","09","Non-native"
"Morone.chrysops","10","Non-native"
"Morone.chrysops","11","Non-native"
"Morone.chrysops","12","Non-native"
"Morone.chrysops","13","Non-native"
"Morone.chrysops","16","Non-native"
"Morone.saxatilis","05","Non-native"
"Morone.saxatilis","10","Non-native"
"Morone.saxatilis","11","Non-native"
"Morone.saxatilis","16","Non-native"
"Morone.saxatilis","18","Non-native"
"Moxostoma.anisurum","03","Non-native"
"Moxostoma.anisurum","04","Non-native"
"Moxostoma.anisurum","09","Non-native"
"Moxostoma.carinatum","04","Non-native"
"Moxostoma.carinatum","05","Non-native"
"Moxostoma.cervinum","02","Non-native"
"Moxostoma.cervinum","05","Non-native"
"Moxostoma.collapsum","03","Non-native"
"Moxostoma.congestum","12","Non-native"
"Moxostoma.erythrurum","02","Non-native"
"Moxostoma.erythrurum","04","Non-native"
"Moxostoma.erythrurum","07","Non-native"
"Moxostoma.erythrurum","09","Non-native"
"Moxostoma.erythrurum","10","Non-native"
"Moxostoma.erythrurum","11","Non-native"
"Moxostoma.lachneri","03","Non-native"
"Moxostoma.macrolepidotum","02","Non-native"
"Moxostoma.macrolepidotum","05","Non-native"
"Moxostoma.macrolepidotum","07","Non-native"
"Moxostoma.macrolepidotum","09","Non-native"
"Moxostoma.macrolepidotum","10","Non-native"
"Moxostoma.macrolepidotum","11","Non-native"
"Moxostoma.pappillosum","03","Non-native"
"Moxostoma.poecilurum","03","Non-native"
"Moxostoma.poecilurum","08","Non-native"
"Moxostoma.poecilurum","12","Non-native"
"Moxostoma.rupiscartes","03","Non-native"
"Moxostoma.valenciennesi","07","Non-native"
"Mugil.cephalus","03","Non-native"
"Mugil.cephalus","08","Non-native"
"Neogobius.melanostomus","04","Non-native"
"Neogobius.melanostomus","05","Non-native"
"Nocomis.asper","11","Non-native"
"Nocomis.biguttatus","08","Non-native"
"Nocomis.biguttatus","09","Non-native"
"Nocomis.biguttatus","10","Non-native"
"Nocomis.leptocephalus","02","Non-native"
"Nocomis.leptocephalus","03","Non-native"
"Nocomis.leptocephalus","06","Non-native"
"Nocomis.micropogon","02","Non-native"
"Nocomis.micropogon","04","Non-native"
"Nocomis.micropogon","05","Non-native"
"Nocomis.micropogon","07","Non-native"
"Notemigonus.crysoleucas","01","Non-native"
"Notemigonus.crysoleucas","04","Non-native"
"Notemigonus.crysoleucas","07","Non-native"
"Notemigonus.crysoleucas","09","Non-native"
"Notemigonus.crysoleucas","10","Non-native"
"Notemigonus.crysoleucas","11","Non-native"
"Notemigonus.crysoleucas","12","Non-native"
"Notemigonus.crysoleucas","13","Non-native"
"Notemigonus.crysoleucas","15","Non-native"
"Notemigonus.crysoleucas","16","Non-native"
"Notemigonus.crysoleucas","17","Non-native"
"Notemigonus.crysoleucas","18","Non-native"
"Notropis.amoenus","02","Non-native"
"Notropis.amoenus","03","Non-native"
"Notropis.amplamala","03","Non-native"
"Notropis.atherinoides","04","Non-native"
"Notropis.atherinoides","05","Non-native"
"Notropis.atherinoides","07","Non-native"
"Notropis.atherinoides","09","Non-native"
"Notropis.atherinoides","10","Non-native"
"Notropis.atherinoides","12","Non-native"
"Notropis.atrocaudalis","12","Non-native"
"Notropis.baileyi","03","Non-native"
"Notropis.bairdi","11","Non-native"
"Notropis.blennius","05","Non-native"
"Notropis.blennius","07","Non-native"
"Notropis.blennius","10","Non-native"
"Notropis.boops","05","Non-native"
"Notropis.boops","10","Non-native"
"Notropis.buccatus","03","Non-native"
"Notropis.chalybaeus","03","Non-native"
"Notropis.chalybaeus","07","Non-native"
"Notropis.chalybaeus","08","Non-native"
"Notropis.chiliticus","03","Non-native"
"Notropis.chiliticus","06","Non-native"
"Notropis.chrosomus","03","Non-native"
"Notropis.chrosomus","05","Non-native"
"Notropis.chrosomus","11","Non-native"
"Notropis.cummingsae","03","Non-native"
"Notropis.dorsalis","05","Non-native"
"Notropis.dorsalis","07","Non-native"
"Notropis.dorsalis","09","Non-native"
"Notropis.dorsalis","10","Non-native"
"Notropis.dorsalis","11","Non-native"
"Notropis.greenei","07","Non-native"
"Notropis.greenei","11","Non-native"
"Notropis.heterodon","04","Non-native"
"Notropis.heterodon","07","Non-native"
"Notropis.heterolepis","07","Non-native"
"Notropis.heterolepis","09","Non-native"
"Notropis.heterolepis","10","Non-native"
"Notropis.hudsonius","01","Non-native"
"Notropis.hudsonius","03","Non-native"
"Notropis.hudsonius","05","Non-native"
"Notropis.hudsonius","06","Non-native"
"Notropis.hudsonius","10","Non-native"
"Notropis.longirostris","02","Non-native"
"Notropis.longirostris","03","Non-native"
"Notropis.lutipinnis","03","Non-native"
"Notropis.nubilus","11","Non-native"
"Notropis.percobromus","07","Non-native"
"Notropis.percobromus","09","Non-native"
"Notropis.percobromus","10","Non-native"
"Notropis.percobromus","11","Non-native"
"Notropis.petersoni","03","Non-native"
"Notropis.photogenis","04","Non-native"
"Notropis.photogenis","05","Non-native"
"Notropis.photogenis","06","Non-native"
"Notropis.photogenis","07","Non-native"
"Notropis.procne","02","Non-native"
"Notropis.procne","03","Non-native"
"Notropis.procne","05","Non-native"
"Notropis.rubellus","01","Non-native"
"Notropis.rubellus","04","Non-native"
"Notropis.rubellus","05","Non-native"
"Notropis.rubellus","07","Non-native"
"Notropis.rubellus","09","Non-native"
"Notropis.rubellus","11","Non-native"
"Notropis.rubricroceus","03","Non-native"
"Notropis.rubricroceus","05","Non-native"
"Notropis.scepticus","03","Non-native"
"Notropis.shumardi","08","Non-native"
"Notropis.shumardi","11","Non-native"
"Notropis.shumardi","12","Non-native"
"Notropis.spectrunculus","06","Non-native"
"Notropis.stilbius","03","Non-native"
"Notropis.stramineus","04","Non-native"
"Notropis.stramineus","05","Non-native"
"Notropis.stramineus","07","Non-native"
"Notropis.stramineus","09","Non-native"
"Notropis.stramineus","10","Non-native"
"Notropis.stramineus","11","Non-native"
"Notropis.stramineus","12","Non-native"
"Notropis.stramineus","14","Non-native"
"Notropis.telescopus","02","Non-native"
"Notropis.telescopus","05","Non-native"
"Notropis.telescopus","10","Non-native"
"Notropis.texanus","03","Non-native"
"Notropis.volucellus","01","Non-native"
"Notropis.volucellus","02","Non-native"
"Notropis.volucellus","04","Non-native"
"Notropis.volucellus","07","Non-native"
"Notropis.volucellus","09","Non-native"
"Notropis.volucellus","10","Non-native"
"Notropis.volucellus","11","Non-native"
"Notropis.volucellus","12","Non-native"
"Notropis.wickliffi","05","Non-native"
"Notropis.wickliffi","06","Non-native"
"Notropis.wickliffi","07","Non-native"
"Notropis.wickliffi","08","Non-native"
"Noturus.eleutherus","05","Non-native"
"Noturus.eleutherus","06","Non-native"
"Noturus.eleutherus","11","Non-native"
"Noturus.exilis","03","Non-native"
"Noturus.exilis","07","Non-native"
"Noturus.exilis","11","Non-native"
"Noturus.flavus","05","Non-native"
"Noturus.flavus","09","Non-native"
"Noturus.flavus","10","Non-native"
"Noturus.flavus","11","Non-native"
"Noturus.funebris","03","Non-native"
"Noturus.gyrinus","02","Non-native"
"Noturus.gyrinus","09","Non-native"
"Noturus.gyrinus","10","Non-native"
"Noturus.gyrinus","12","Non-native"
"Noturus.gyrinus","17","Non-native"
"Noturus.insignis","01","Non-native"
"Noturus.insignis","02","Non-native"
"Noturus.insignis","04","Non-native"
"Noturus.insignis","05","Non-native"
"Noturus.insignis","06","Non-native"
"Noturus.insignis","17","Non-native"
"Noturus.leptacanthus","03","Non-native"
"Noturus.leptacanthus","08","Non-native"
"Noturus.nocturnus","07","Non-native"
"Noturus.nocturnus","12","Non-native"
"Oncorhynchus.clarkii","09","Non-native"
"Oncorhynchus.clarkii","17","Non-native"
"Oncorhynchus.kisutch","04","Non-native"
"Oncorhynchus.mykiss","01","Non-native"
"Oncorhynchus.mykiss","02","Non-native"
"Oncorhynchus.mykiss","03","Non-native"
"Oncorhynchus.mykiss","04","Non-native"
"Oncorhynchus.mykiss","05","Non-native"
"Oncorhynchus.mykiss","06","Non-native"
"Oncorhynchus.mykiss","07","Non-native"
"Oncorhynchus.mykiss","09","Non-native"
"Oncorhynchus.mykiss","10","Non-native"
"Oncorhynchus.mykiss","11","Non-native"
"Oncorhynchus.mykiss","13","Non-native"
"Oncorhynchus.mykiss","14","Non-native"
"Oncorhynchus.mykiss","15","Non-native"
"Oncorhynchus.mykiss","16","Non-native"
"Oncorhynchus.mykiss","17","Non-native"
"Oncorhynchus.mykiss","18","Non-native"
"Oncorhynchus.nerka","14","Non-native"
"Oncorhynchus.tshawytscha","04","Non-native"
"Oncorhynchus.tshawytscha","17","Non-native"
"Opsopoeodus.emiliae","03","Non-native"
"Opsopoeodus.emiliae","08","Non-native"
"Opsopoeodus.emiliae","12","Non-native"
"Perca.flavescens","03","Non-native"
"Perca.flavescens","04","Non-native"
"Perca.flavescens","05","Non-native"
"Perca.flavescens","06","Non-native"
"Perca.flavescens","10","Non-native"
"Perca.flavescens","13","Non-native"
"Perca.flavescens","16","Non-native"
"Perca.flavescens","17","Non-native"
"Percina.caprodes","03","Non-native"
"Percina.caprodes","04","Non-native"
"Percina.caprodes","05","Non-native"
"Percina.caprodes","08","Non-native"
"Percina.caprodes","10","Non-native"
"Percina.caprodes","11","Non-native"
"Percina.caprodes","12","Non-native"
"Percina.carbonaria","12","Non-native"
"Percina.crassa","03","Non-native"
"Percina.macrocephala","05","Non-native"
"Percina.macrocephala","06","Non-native"
"Percina.macrolepida","12","Non-native"
"Percina.macrolepida","18","Non-native"
"Percina.maculata","10","Non-native"
"Percina.nigrofasciata","03","Non-native"
"Percina.oxyrhynchus","05","Non-native"
"Percina.palmaris","03","Non-native"
"Percina.peltata","03","Non-native"
"Percina.phoxocephala","05","Non-native"
"Percina.phoxocephala","06","Non-native"
"Percina.phoxocephala","07","Non-native"
"Percina.phoxocephala","10","Non-native"
"Percina.phoxocephala","11","Non-native"
"Percina.roanoka","02","Non-native"
"Percina.roanoka","05","Non-native"
"Percina.sciera","03","Non-native"
"Percina.sciera","05","Non-native"
"Percina.sciera","06","Non-native"
"Percina.sciera","07","Non-native"
"Percina.sciera","08","Non-native"
"Percina.sciera","11","Non-native"
"Percina.sciera","12","Non-native"
"Percopsis.omiscomaycus","04","Non-native"
"Petromyzon.marinus","01","Non-native"
"Petromyzon.marinus","04","Non-native"
"Phenacobius.catostomus","03","Non-native"
"Phenacobius.mirabilis","08","Non-native"
"Phenacobius.mirabilis","11","Non-native"
"Pimephales.notatus","01","Non-native"
"Pimephales.notatus","03","Non-native"
"Pimephales.notatus","04","Non-native"
"Pimephales.notatus","06","Non-native"
"Pimephales.notatus","07","Non-native"
"Pimephales.notatus","08","Non-native"
"Pimephales.notatus","09","Non-native"
"Pimephales.notatus","10","Non-native"
"Pimephales.notatus","12","Non-native"
"Pimephales.promelas","01","Non-native"
"Pimephales.promelas","02","Non-native"
"Pimephales.promelas","03","Non-native"
"Pimephales.promelas","04","Non-native"
"Pimephales.promelas","06","Non-native"
"Pimephales.promelas","07","Non-native"
"Pimephales.promelas","08","Non-native"
"Pimephales.promelas","09","Non-native"
"Pimephales.promelas","10","Non-native"
"Pimephales.promelas","12","Non-native"
"Pimephales.promelas","13","Non-native"
"Pimephales.promelas","14","Non-native"
"Pimephales.promelas","15","Non-native"
"Pimephales.promelas","16","Non-native"
"Pimephales.promelas","17","Non-native"
"Pimephales.promelas","18","Non-native"
"Pimephales.tenellus","11","Non-native"
"Pimephales.vigilax","05","Non-native"
"Pimephales.vigilax","07","Non-native"
"Pimephales.vigilax","09","Non-native"
"Pimephales.vigilax","10","Non-native"
"Pimephales.vigilax","11","Non-native"
"Pimephales.vigilax","12","Non-native"
"Pimephales.vigilax","13","Non-native"
"Poecilia.formosa","12","Non-native"
"Poecilia.latipinna","12","Non-native"
"Poecilia.latipinna","13","Non-native"
"Poecilia.latipinna","18","Non-native"
"Pomoxis.annularis","03","Non-native"
"Pomoxis.annularis","04","Non-native"
"Pomoxis.annularis","05","Non-native"
"Pomoxis.annularis","07","Non-native"
"Pomoxis.annularis","09","Non-native"
"Pomoxis.annularis","10","Non-native"
"Pomoxis.annularis","11","Non-native"
"Pomoxis.annularis","13","Non-native"
"Pomoxis.annularis","17","Non-native"
"Pomoxis.annularis","18","Non-native"
"Pomoxis.nigromaculatus","01","Non-native"
"Pomoxis.nigromaculatus","02","Non-native"
"Pomoxis.nigromaculatus","09","Non-native"
"Pomoxis.nigromaculatus","10","Non-native"
"Pomoxis.nigromaculatus","11","Non-native"
"Pomoxis.nigromaculatus","12","Non-native"
"Pomoxis.nigromaculatus","16","Non-native"
"Pomoxis.nigromaculatus","17","Non-native"
"Pomoxis.nigromaculatus","18","Non-native"
"Pteronotropis.hypselopterus","03","Non-native"
"Pteronotropis.signipinnis","03","Non-native"
"Ptychocheilus.oregonensis","17","Non-native"
"Pylodictis.olivaris","03","Non-native"
"Pylodictis.olivaris","04","Non-native"
"Pylodictis.olivaris","07","Non-native"
"Pylodictis.olivaris","10","Non-native"
"Pylodictis.olivaris","11","Non-native"
"Pylodictis.olivaris","15","Non-native"
"Rhinichthys.atratulus","01","Non-native"
"Rhinichthys.atratulus","02","Non-native"
"Rhinichthys.atratulus","03","Non-native"
"Rhinichthys.atratulus","04","Non-native"
"Rhinichthys.atratulus","05","Non-native"
"Rhinichthys.atratulus","07","Non-native"
"Rhinichthys.atratulus","09","Non-native"
"Rhinichthys.atratulus","10","Non-native"
"Rhinichthys.atratulus","13","Non-native"
"Rhinichthys.cataractae","01","Non-native"
"Rhinichthys.cataractae","03","Non-native"
"Rhinichthys.cataractae","04","Non-native"
"Rhinichthys.cataractae","05","Non-native"
"Rhinichthys.cataractae","07","Non-native"
"Rhinichthys.cataractae","09","Non-native"
"Rhinichthys.cataractae","10","Non-native"
"Rhinichthys.cataractae","13","Non-native"
"Rhinichthys.cataractae","14","Non-native"
"Rhinichthys.cataractae","16","Non-native"
"Rhinichthys.cataractae","17","Non-native"
"Rhinichthys.osculus","10","Non-native"
"Rhinichthys.osculus","15","Non-native"
"Rhinichthys.osculus","16","Non-native"
"Rhinichthys.osculus","17","Non-native"
"Richardsonius.balteatus","10","Non-native"
"Richardsonius.balteatus","14","Non-native"
"Richardsonius.balteatus","16","Non-native"
"Richardsonius.balteatus","17","Non-native"
"Richardsonius.egregius","17","Non-native"
"Salmo.salar","01","Non-native"
"Salmo.salar","02","Non-native"
"Salmo.trutta","01","Non-native"
"Salmo.trutta","02","Non-native"
"Salmo.trutta","03","Non-native"
"Salmo.trutta","04","Non-native"
"Salmo.trutta","05","Non-native"
"Salmo.trutta","06","Non-native"
"Salmo.trutta","07","Non-native"
"Salmo.trutta","10","Non-native"
"Salmo.trutta","11","Non-native"
"Salmo.trutta","13","Non-native"
"Salmo.trutta","14","Non-native"
"Salmo.trutta","15","Non-native"
"Salmo.trutta","16","Non-native"
"Salmo.trutta","17","Non-native"
"Salmo.trutta","18","Non-native"
"Salvelinus.fontinalis","01","Non-native"
"Salvelinus.fontinalis","04","Non-native"
"Salvelinus.fontinalis","05","Non-native"
"Salvelinus.fontinalis","07","Non-native"
"Salvelinus.fontinalis","09","Non-native"
"Salvelinus.fontinalis","10","Non-native"
"Salvelinus.fontinalis","11","Non-native"
"Salvelinus.fontinalis","13","Non-native"
"Salvelinus.fontinalis","14","Non-native"
"Salvelinus.fontinalis","15","Non-native"
"Salvelinus.fontinalis","16","Non-native"
"Salvelinus.fontinalis","17","Non-native"
"Salvelinus.fontinalis","18","Non-native"
"Sander.canadensis","05","Non-native"
"Sander.canadensis","07","Non-native"
"Sander.canadensis","10","Non-native"
"Sander.vitreus","01","Non-native"
"Sander.vitreus","02","Non-native"
"Sander.vitreus","05","Non-native"
"Sander.vitreus","07","Non-native"
"Sander.vitreus","09","Non-native"
"Sander.vitreus","10","Non-native"
"Sander.vitreus","16","Non-native"
"Semotilus.atromaculatus","02","Non-native"
"Semotilus.atromaculatus","03","Non-native"
"Semotilus.atromaculatus","04","Non-native"
"Semotilus.atromaculatus","09","Non-native"
"Semotilus.atromaculatus","10","Non-native"
"Semotilus.atromaculatus","11","Non-native"
"Semotilus.atromaculatus","13","Non-native"
"Semotilus.atromaculatus","14","Non-native"
"Semotilus.corporalis","01","Non-native"
"Semotilus.corporalis","03","Non-native"
"Semotilus.corporalis","04","Non-native"
"Semotilus.thoreauianus","03","Non-native"
"Thoburnia.rhothoeca","03","Non-native"
"Tinca.tinca","13","Non-native"
"Tinca.tinca","17","Non-native"
"Trinectes.maculatus","03","Non-native"
"Trinectes.maculatus","12","Non-native"
"Umbra.limi","01","Non-native"
"Umbra.limi","04","Non-native"
"Umbra.limi","09","Non-native"
